Date,Operator,A/C Type,Location,Crew on board,Crew fatalities,PAX on board,PAX fatalities,Total on board,Total fatalities,Flight Type,Flight Phase,Continent,Year,Probable Causes
27-Apr-20,Compagnie Generale TRANSAERIENNE,Nieuport-Delage NiD-30,"The Channel, All World",1,1,0,0,1,1,Postal,Flight,Europe,1920,Unknown Reasons
15-Sep-23,Armée De L'Air,Lioré-et-Olivier LeO H-13,"Mediterranean Sea, All World",0,0,0,0,0,0,Scheduled Revenue Flight,Flight,Europe,1923,Technical Factors
24-Apr-24,KLM,Fokker F3,"North Sea, All World",1,1,2,2,3,3,Scheduled Revenue Flight,Flight,Europe,1924,Technical Factors
21-Aug-24,Regia Aeronautica,Dornier DO J wal,"Atlantic Ocean, All World",5,0,0,0,5,0,Private,Flight,North America,1924,Technical Factors
9-Feb-25,Compagnie Générale d'Enterprises Aéronatiques,Lioré-et-Olivier LeO H-13,"Mediterranean Sea, All World",2,0,0,0,2,0,Postal,Flight,Africa,1925,Technical Factors
11-Apr-25,Compagnie Générale d'Enterprises Aéronatiques,Lioré-et-Olivier LeO H-13,"Mediterranean Sea, All World",2,0,0,0,2,0,Postal,Flight,Europe,1925,Technical Factors
14-Apr-25,Compagnie Générale d'Enterprises Aéronatiques,Lioré-et-Olivier LeO H-13,"Mediterranean Sea, All World",2,0,0,0,2,0,Postal,Flight,Africa,1925,Technical Factors
10-Sep-25,Compagnie Générale d'Enterprises Aéronatiques,Lioré-et-Olivier LeO H-13,"Mediterranean Sea, All World",0,0,0,0,0,0,Postal,Flight,Africa,1925,Unknown Reasons
19-Dec-25,Compagnie Générale d'Enterprises Aéronatiques,Lioré-et-Olivier LeO H-13,"Mediterranean Sea, All World",2,0,0,0,2,0,Postal,Flight,Africa,1925,Technical Factors
21-May-26,Norsk Luftseiladsforening,Dornier DO J wal,"Arctic, All World",3,0,0,0,3,0,Private,Landing,Antartica,1926,Technical Factors
31-May-26,Air Union,Breguet 14,"The Channel, All World",1,1,0,0,1,1,Postal,Flight,Europe,1926,Disappeared Without Trace
21-Oct-26,Imperial Airways,Handley Page H.P.30,"The Channel, All World",2,0,10,0,12,0,Scheduled Revenue Flight,Flight,Europe,1926,Technical Factors
5-May-27,Société Générale des Transports Aériens - SGTA,Farman F.60 Goliath,"Atlantic Ocean, All World",4,4,0,0,4,4,Private,Flight,South America,1927,Disappeared Without Trace
9-May-27,Private Prive,Levasseur PL.8,"Atlantic Ocean, All World",2,2,0,0,2,2,Private,Flight,Unknown,1927,Disappeared Without Trace
16-Aug-27,Private Prive,Buhl CA-5 AirSedan,"Pacific Ocean, All World",2,2,1,1,3,3,Private,Flight,Unknown,1927,Technical Factors
16-Aug-27,Private Prive,Lockheed 1 Vega,"Pacific Ocean, All World",2,2,0,0,2,2,Private,Flight,North America,1927,Disappeared Without Trace
19-Aug-27,Private Prive,British Aircraft Swallow,"Pacific Ocean, All World",2,2,0,0,2,2,Private,Flight,North America,1927,Human Errors
31-Aug-27,Private Prive,Fokker F7,"Atlantic Ocean, All World",2,2,1,1,3,3,Private,Flight,North America,1927,Unknown Reasons
7-Sep-27,CARLING,Stinson SM-1 Detroiter,"Atlantic Ocean, All World",2,2,0,0,2,2,Private,Flight,Unknown,1927,Disappeared Without Trace
7-Sep-27,Private Prive,Fokker F7,"Atlantic Ocean, All World",2,2,1,1,3,3,Private,Flight,North America,1927,Unknown Reasons
12-Oct-27,Private Prive,Stinson SM-1 Detroiter,"Atlantic Ocean, All World",1,0,1,0,2,0,Private,Flight,Europe,1927,Technical Factors
10-Jan-28,Private Prive,Ryan B-1 Brougham,"Tasman Sea, All World",2,0,0,0,2,2,Private,Flight,Australia & Oceania,1928,Disappeared Without Trace
13-Mar-28,Private Prive,Stinson SM-1 Detroiter,"Atlantic Ocean, All World",1,1,1,1,2,2,Private,Flight,Europe,1928,Disappeared Without Trace
18-Jun-28,Private Prive,Latham47,"Barents Sea, All World",4,4,2,2,6,6,Private,Flight,Europe,1928,Unknown Reasons
1-Aug-28,Private Prive,Dornier DO J wal,"Atlantic Ocean, All World",3,0,0,0,3,0,Private,Flight,Unknown,1928,Technical Factors
18-Oct-28,De Havilland,De Havilland DH.60 Moth,"Atlantic Ocean, All World",2,2,0,0,2,2,Private,Flight,North America,1928,Disappeared Without Trace
8-Mar-29,Nottingham Aero Club,De Havilland DH.60 Moth,"North Sea, All World",1,1,0,0,1,1,Private,Flight,Europe,1929,Poor Weather
19-Aug-29,Private Prive,Farman F.190,"Atlantic Ocean, All World",1,1,1,1,2,2,Private,Flight,Unknown,1929,Disappeared Without Trace
10-Sep-29,DEUTSCHE LUFTHANSA,Rohrbach Ro X Romar,"Baltic Sea, All World",0,0,0,0,0,0,Scheduled Revenue Flight,Flight,Europe,1929,Technical Factors
9-Oct-29,L'AEROPOSTALE,CAMS 53,"Mediterranean Sea, All World",3,0,0,0,3,0,Postal,Flight,Africa,1929,Technical Factors
7-Nov-29,L'AEROPOSTALE,Latécoére 32,"Mediterranean Sea, All World",4,0,0,0,4,0,Postal,Flight,Europe,1929,Technical Factors
3-Jan-30,NAVIGAZIONE AEREA,Dornier wal,"Mediterranean Sea, All World",0,0,0,0,0,0,Scheduled Revenue Flight,Flight,Europe,1930,Unknown Reasons
25-Jan-30,L'AEROPOSTALE,Latécoére 25,"Mediterranean Sea, All World",2,2,0,0,2,2,Postal,Flight,Europe,1930,Poor Weather
5-Mar-30,L'AEROPOSTALE,Latécoére 32,"Mediterranean Sea, All World",3,0,0,0,3,0,Postal,Flight,Unknown,1930,Human Errors
22-Jun-30,Private Prive,De Havilland DH.80 Puss Moth,"The Channel, All World",1,0,2,0,3,0,Private,Flight,Europe,1930,Poor Weather
11-Sep-30,L'AEROPOSTALE,CAMS 53,"Mediterranean Sea, All World",3,0,0,0,3,0,Postal,Flight,Europe,1930,Technical Factors
6-Jan-31,Regia Aeronautica,Savoia-Marchetti S.55,"Atlantic Ocean, All World",4,0,0,0,4,0,Military,Flight,South America,1931,Technical Factors
1-Mar-31,Private Prive,De Havilland DH.60 Moth,"The Channel, All World",1,1,0,0,1,1,Delivery,Flight,Europe,1931,Poor Weather
15-Jul-31,Tozai Teiki Kokukai,De Havilland DH.80 Puss Moth,"Japan Sea, All World",1,0,0,0,1,0,Aerial photography,Flight,Asia,1931,Unknown Reasons
13-Sep-31,DEUTSCHE LUFTHANSA,Junkers W.33,"Atlantic Ocean, All World",3,0,0,0,3,0,Postal,Flight,South America,1931,Human Errors
9-Dec-31,L'AEROPOSTALE,CAMS 56,"Mediterranean Sea, All World",2,2,0,0,2,2,Postal,Flight,Africa,1931,Technical Factors
4-Jun-32,Private Prive,Bellanca CH-300 Pacemaker,"Atlantic Ocean, All World",1,0,0,0,1,0,Private,Flight,Europe,1932,Technical Factors
28-Jan-33,Private Prive,De Havilland DH.83 Fox Moth,"North Sea, All World",1,1,1,1,2,2,Delivery,Flight,Europe,1933,Disappeared Without Trace
18-Jul-33,AERO ESPRESSO ITALIANA,CMASA Wal,"Aegean Sea, All World",4,4,2,2,6,6,Scheduled Revenue Flight,Flight,Europe,1933,Disappeared Without Trace
9-May-34,AIRFRANCE,Wibault 282,"The Channel, All World",3,3,3,3,6,6,Scheduled Revenue Flight,Flight,Europe,1934,Poor Weather
11-May-35,Commercial Air Hire,Spartan Cruiser,"The Channel, All World",2,0,0,0,2,0,Cargo,Flight,Europe,1935,Technical Factors
21-May-35,United States NAVY,Martin PM-1,"Pacific Ocean, All World",6,6,0,0,6,6,Military,Flight,Unknown,1935,Disappeared Without Trace
10-Feb-36,AIRFRANCE,Latécoére 301,"Atlantic Ocean, All World",5,5,1,1,6,6,Scheduled Revenue Flight,Flight,Unknown,1936,Poor Weather
15-Feb-36,DEUTSCHE LUFTHANSA,Dornier DO J wal,"Atlantic Ocean, All World",4,4,0,0,4,4,Postal,Flight,Unknown,1936,Disappeared Without Trace
8-May-36,AIRFRANCE,Lioré-et-Olivier LeO H-242,"Mediterranean Sea, All World",4,0,4,1,8,1,Scheduled Revenue Flight,Flight,Africa,1936,Technical Factors
25-Sep-36,Imperial Airways,Boulton & Paul P.71,"The Channel, All World",2,2,0,0,2,2,Postal,Flight,Europe,1936,Unknown Reasons
7-Dec-36,AIRFRANCE,Latécoére 300,"Atlantic Ocean, All World",5,5,0,0,5,5,Scheduled Revenue Flight,Flight,Unknown,1936,Technical Factors
23-Mar-37,Private Prive,De Havilland DH.60 Moth,"North Sea, All World",1,1,0,0,1,1,Private,Flight,Europe,1937,Unknown Reasons
2-Jul-37,Private Prive,Lockheed 10 Electra,"Pacific Ocean, All World",2,2,0,0,2,2,Private,Flight,Australia & Oceania,1937,Technical Factors
11-Jan-38,PAN AM,Sikorsky S-42,"Pacific Ocean, All World",7,7,0,0,7,7,Postal,Flight,Australia & Oceania,1938,Technical Factors
13-Feb-38,Ala Littoria,CRDA CANT Z.506,"Mediterranean Sea, All World",4,4,10,10,14,14,Scheduled Revenue Flight,Flight,Europe,1938,Poor Weather
6-Apr-38,Royal Air Force,Avro 652 Anson,"North Sea, All World",3,3,0,0,3,3,Training,Flight,Europe,1938,Technical Factors
14-Jul-38,Ala Littoria,Savoia-Marchetti S.66,"Tyrrhenian Sea, All World",4,4,16,16,20,20,Scheduled Revenue Flight,Flight,Europe,1938,Human Errors
29-Jul-38,PAN AM,Martin M.130,"Pacific Ocean, All World",9,9,6,6,15,15,Scheduled Revenue Flight,Flight,Unknown,1938,Human Errors
21-Jan-39,Imperial Airways,Short S.23 Empire Flying Boat,"Atlantic Ocean, All World",5,1,8,2,13,3,Scheduled Revenue Flight,Flight,North America,1939,Technical Factors
15-Jul-39,United States Coast Guard,Naval Aircraft Factory PH-2,"Atlantic Ocean, All World",8,3,0,0,8,3,Survey / Patrol / Reconnaissance,Flight,North America,1939,Unknown Reasons
9-Aug-39,Royal Air Force,Vickers 290 Wellington I,"North Sea, All World",3,3,0,0,3,3,Survey / Patrol / Reconnaissance,Flight,Europe,1939,Disappeared Without Trace
2-Oct-39,Royal Air Force,Armstrong Whitworth AW.38 Whitley,"North Sea, All World",5,5,0,0,5,5,Bombing,Flight,Europe,1939,Disappeared Without Trace
14-Oct-39,Royal Air Force,Avro 652 Anson,"The Channel, All World",0,0,0,0,0,0,Survey / Patrol / Reconnaissance,Flight,Europe,1939,Disappeared Without Trace
25-Oct-39,Royal Air Force,Armstrong Whitworth AW.38 Whitley,"North Sea, All World",5,5,0,0,5,5,Bombing,Flight,Europe,1939,Disappeared Without Trace
1-Dec-39,Royal Air Force,Avro 652 Anson,"Atlantic Ocean, All World",5,5,0,0,5,5,Training,Flight,Europe,1939,Disappeared Without Trace
6-Dec-39,Royal Air Force,Avro 652 Anson,"North Sea, All World",4,4,0,0,4,4,Survey / Patrol / Reconnaissance,Flight,Europe,1939,Conflict Factors
18-Dec-39,Royal Air Force,Vickers 408 Wellington IA,"North Sea, All World",5,5,0,0,5,5,Survey / Patrol / Reconnaissance,Flight,Europe,1939,Conflict Factors
18-Dec-39,Royal Air Force,Vickers 408 Wellington IA,"North Sea, All World",6,6,0,0,6,6,Survey / Patrol / Reconnaissance,Flight,Europe,1939,Conflict Factors
18-Dec-39,Royal Air Force,Vickers 408 Wellington IA,"North Sea, All World",5,1,0,0,5,1,Survey / Patrol / Reconnaissance,Flight,Europe,1939,Conflict Factors
2-Jan-40,Royal Air Force,Vickers 408 Wellington IA,"North Sea, All World",6,6,0,0,6,6,Survey / Patrol / Reconnaissance,Flight,Europe,1940,Conflict Factors
2-Jan-40,Royal Air Force,Vickers 408 Wellington IA,"North Sea, All World",6,6,0,0,6,6,Survey / Patrol / Reconnaissance,Flight,Europe,1940,Conflict Factors
21-Feb-40,Royal Air Force,Vickers 408 Wellington IA,"North Sea, All World",6,6,0,0,6,6,Survey / Patrol / Reconnaissance,Flight,Europe,1940,Disappeared Without Trace
1-Mar-40,Imperial Airways,Handley Page H.P.42,"Gulf of Oman, All World",4,4,4,4,8,8,Scheduled Revenue Flight,Flight,Asia,1940,Crashing The Other Objects
27-Mar-40,Royal Air Force,Avro 652 Anson,"The Channel, All World",4,4,0,0,4,4,Training,Flight,Europe,1940,Human Errors
7-Apr-40,Royal Air Force,Vickers 408 Wellington IA,"North Sea, All World",6,6,0,0,6,6,Survey / Patrol / Reconnaissance,Flight,Europe,1940,Conflict Factors
7-Apr-40,Royal Air Force,Vickers 408 Wellington IA,"North Sea, All World",6,6,0,0,6,6,Survey / Patrol / Reconnaissance,Flight,Europe,1940,Conflict Factors
12-Apr-40,Royal Air Force,Armstrong Whitworth AW.38 Whitley,"North Sea, All World",5,5,0,0,5,5,Survey / Patrol / Reconnaissance,Flight,Europe,1940,Disappeared Without Trace
18-Apr-40,Royal Air Force,Vickers 408 Wellington IA,"North Sea, All World",6,6,0,0,6,6,Survey / Patrol / Reconnaissance,Flight,Europe,1940,Disappeared Without Trace
18-Apr-40,Royal Air Force,Armstrong Whitworth AW.38 Whitley,"North Sea, All World",5,1,0,0,5,1,Survey / Patrol / Reconnaissance,Flight,Europe,1940,Human Errors
23-Apr-40,Royal Air Force,Armstrong Whitworth AW.38 Whitley,"North Sea, All World",5,5,0,0,5,5,Bombing,Flight,Europe,1940,Disappeared Without Trace
30-Apr-40,Royal Air Force,Vickers 416 Wellington IC,"North Sea, All World",6,6,0,0,6,6,Bombing,Flight,Europe,1940,Disappeared Without Trace
30-Apr-40,Royal Air Force,Armstrong Whitworth AW.38 Whitley,"North Sea, All World",5,5,0,0,5,5,Bombing,Flight,Europe,1940,Disappeared Without Trace
19-May-40,Royal Air Force,Armstrong Whitworth AW.38 Whitley,"North Sea, All World",5,0,0,0,5,0,Bombing,Flight,Europe,1940,Conflict Factors
29-May-40,Royal Air Force,Avro 652 Anson,"North Sea, All World",4,4,0,0,4,4,Military,Flight,Europe,1940,Technical Factors
11-Jun-40,Royal Air Force,Vickers 416 Wellington IC,"North Sea, All World",6,6,0,0,6,6,Survey / Patrol / Reconnaissance,Flight,Europe,1940,Unknown Reasons
22-Jun-40,Royal Air Force,Vickers 416 Wellington IC,"North Sea, All World",6,0,0,0,6,0,Bombing,Flight,Europe,1940,Conflict Factors
12-Jul-40,Royal Air Force,Vickers 416 Wellington IC,"North Sea, All World",6,6,0,0,6,6,Bombing,Flight,Europe,1940,Disappeared Without Trace
31-Aug-40,Royal Air Force,Blackburn B-26 Botha,"North Sea, All World",4,4,0,0,4,4,Training,Landing,Europe,1940,Disappeared Without Trace
9-Sep-40,Royal Air Force,Vickers 416 Wellington IC,"North Sea, All World",6,6,0,0,6,6,Bombing,Flight,Europe,1940,Disappeared Without Trace
12-Sep-40,Royal Air Force,Avro 652 Anson,"Celtic Sea, All World",5,5,0,0,5,5,Survey / Patrol / Reconnaissance,Flight,Europe,1940,Unknown Reasons
28-Sep-40,Royal Air Force,Vickers 416 Wellington IC,"North Sea, All World",6,3,0,0,6,3,Bombing,Flight,Europe,1940,Unknown Reasons
24-Oct-40,Royal Air Force,Vickers 416 Wellington IC,"North Sea, All World",6,6,0,0,6,6,Bombing,Flight,Europe,1940,Disappeared Without Trace
14-Nov-40,Royal Air Force,Armstrong Whitworth AW.38 Whitley,"North Sea, All World",5,5,0,0,5,5,Bombing,Flight,Europe,1940,Disappeared Without Trace
27-Nov-40,AIRFRANCE,Farman NC.223,"Mediterranean Sea, All World",5,5,1,1,6,6,Postal,Flight,Europe,1940,Conflict Factors
10-Jan-41,LATI,Savoia-Marchetti SM.83,"Mediterranean Sea, All World",4,4,12,12,16,16,Scheduled Revenue Flight,Flight,Unknown,1941,Disappeared Without Trace
15-Jan-41,LATI,Savoia-Marchetti SM.75,"Atlantic Ocean, All World",4,4,6,6,10,10,Scheduled Revenue Flight,Flight,South America,1941,Technical Factors
21-Feb-41,Royal Air Force,Saro A.36 Lerwick,"Atlantic Ocean, All World",14,14,0,0,14,14,Survey / Patrol / Reconnaissance,Flight,Europe,1941,Disappeared Without Trace
21-Jun-41,Manchurian Airlines,Mitsubishi MC-20,"Japan Sea, All World",3,3,15,15,18,18,Scheduled Revenue Flight,Flight,Asia,1941,Disappeared Without Trace
6-Jul-41,Royal Air Force,Bristol 130 Bombay,"Mediterranean Sea, All World",0,0,0,0,0,0,Military,Flight,Europe,1941,Technical Factors
23-Jul-41,Luftwaffe,Focke-Wulf Fw.200 Condor,"Atlantic Ocean, All World",0,0,0,0,0,0,Military,Flight,Europe,1941,Conflict Factors
21-Oct-41,Royal Air Force,Avro 679 Manchester,"North Sea, All World",7,7,0,0,7,7,Bombing,Flight,Europe,1941,Technical Factors
8-Nov-41,Royal Air Force,Avro 679 Manchester,"North Sea, All World",7,7,0,0,7,7,Survey / Patrol / Reconnaissance,Flight,Europe,1941,Disappeared Without Trace
31-Jan-42,Royal Air Force,Avro 679 Manchester,"The Channel, All World",8,8,0,0,8,8,Military,Flight,Europe,1942,Unknown Reasons
31-Jan-42,Royal Air Force,Vickers 290 Wellington I,"Mediterranean Sea, All World",0,0,0,0,0,0,Military,Flight,Africa,1942,Technical Factors
1-Feb-42,Royal Air Force,Avro 679 Manchester,"The Channel, All World",8,2,0,0,8,2,Military,Flight,Europe,1942,Conflict Factors
20-Feb-42,United States AAF,Boeing B-17 Flying Fortress,"Atlantic Ocean, All World",0,0,0,0,0,0,Military,Flight,Unknown,1942,Disappeared Without Trace
28-Feb-42,BOAC,Short S.23 Empire Flying Boat,"Indian Ocean, All World",4,4,18,18,22,22,Humanitarian,Flight,Asia,1942,Conflict Factors
25-Mar-42,United States AAF,Martin B-26 Marauder,"Philippines Sea, All World",7,7,0,0,7,7,Military,Flight,Asia,1942,Poor Weather
26-Mar-42,Air Force,Airspeed AS.10 Oxford,"Pacific Ocean, All World",3,3,0,0,3,3,Training,Flight,Australia & Oceania,1942,Poor Weather
26-Mar-42,Royal Air Force,Avro 679 Manchester,"North Sea, All World",7,7,0,0,7,7,Bombing,Flight,Europe,1942,Disappeared Without Trace
30-Mar-42,Royal Air Force,Avro 679 Manchester,"North Sea, All World",7,7,0,0,7,7,Bombing,Flight,Europe,1942,Disappeared Without Trace
30-Mar-42,Royal Air Force,Avro 679 Manchester,"North Sea, All World",7,7,0,0,7,7,Bombing,Flight,Europe,1942,Human Errors
17-Apr-42,Royal Air Force,Avro 679 Manchester,"The Channel, All World",7,7,0,0,7,7,Bombing,Flight,Europe,1942,Disappeared Without Trace
23-Apr-42,Air Force,Lockheed L-414 Hudson,"Timor Sea, All World",4,4,0,0,4,4,Military,Flight,Australia & Oceania,1942,Disappeared Without Trace
9-May-42,Royal Air Force,Avro 683 Lancaster,"North Sea, All World",8,8,0,0,8,8,Bombing,Flight,Europe,1942,Disappeared Without Trace
31-May-42,Royal Air Force,Avro 679 Manchester,"North Sea, All World",7,7,0,0,7,7,Bombing,Flight,Europe,1942,Disappeared Without Trace
3-Jun-42,United States NAVY,Martin PBM Mariner,"Atlantic Ocean, All World",12,12,0,0,12,12,Survey / Patrol / Reconnaissance,Flight,North America,1942,Disappeared Without Trace
4-Jun-42,United States AAF,Martin B-26 Marauder,"Pacific Ocean, All World",7,7,0,0,7,7,Bombing,Flight,North America,1942,Conflict Factors
5-Jun-42,United States NAVY,Consolidated PBY-5A Catalina,"Gulf of Mexico, All World",7,7,0,0,7,7,Survey / Patrol / Reconnaissance,Flight,North America,1942,Disappeared Without Trace
7-Jun-42,Royal Air Force,Avro 679 Manchester,"North Sea, All World",7,2,0,0,7,2,Bombing,Flight,Europe,1942,Human Errors
7-Jun-42,Royal Air Force,Avro 679 Manchester,"North Sea, All World",7,7,0,0,7,7,Bombing,Flight,Europe,1942,Disappeared Without Trace
7-Jun-42,Royal Air Force,Avro 679 Manchester,"North Sea, All World",7,7,0,0,7,7,Bombing,Flight,Europe,1942,Disappeared Without Trace
11-Jun-42,Royal Air Force,Short S.25 Sunderland,"Atlantic Ocean, All World",9,9,0,0,9,9,Survey / Patrol / Reconnaissance,Flight,Africa,1942,Disappeared Without Trace
17-Jun-42,Air Force,Lockheed L-414 Hudson,"Timor Sea, All World",5,5,0,0,5,5,Survey / Patrol / Reconnaissance,Flight,Asia,1942,Technical Factors
20-Jun-42,Royal Air Force,Avro 679 Manchester,"North Sea, All World",7,7,0,0,7,7,Survey / Patrol / Reconnaissance,Flight,Europe,1942,Disappeared Without Trace
26-Jun-42,Royal Air Force,Lockheed L-414 Hudson,"North Sea, All World",4,2,0,0,4,2,Bombing,Flight,Europe,1942,Conflict Factors
4-Jul-42,Air Force,Lockheed L-414 Hudson,"Coral Sea, All World",4,4,0,0,4,4,Military,Flight,Australia & Oceania,1942,Disappeared Without Trace
12-Jul-42,Royal Air Force,Avro 683 Lancaster,"North Sea, All World",7,7,0,0,7,7,Bombing,Flight,Europe,1942,Disappeared Without Trace
14-Jul-42,United States NAVY,Consolidated PBY-5A Catalina,"Pacific Ocean, All World",9,9,0,0,9,9,Survey / Patrol / Reconnaissance,Flight,North America,1942,Disappeared Without Trace
25-Jul-42,Royal Air Force,Short S.25 Sunderland,"Mediterranean Sea, All World",13,13,0,0,13,13,Survey / Patrol / Reconnaissance,Flight,Unknown,1942,Disappeared Without Trace
29-Jul-42,Royal Air Force,Vickers 416 Wellington IC,"North Sea, All World",5,5,0,0,5,5,Bombing,Flight,Europe,1942,Disappeared Without Trace
17-Sep-42,Royal Air Force,Avro 683 Lancaster,"North Sea, All World",7,0,0,0,7,0,Bombing,Flight,Europe,1942,Unknown Reasons
12-Nov-42,Air Force,Douglas DC-3,"Coral Sea, All World",4,0,0,0,4,0,Military,Flight,Australia & Oceania,1942,Human Errors
15-Nov-42,LATI,Savoia-Marchetti SM.75,"Mediterranean Sea, All World",4,4,0,0,4,4,Scheduled Revenue Flight,Flight,Unknown,1942,Conflict Factors
22-Nov-42,Marineluchtvaartdienst,Lockheed L-414 Hudson,"North Sea, All World",4,4,0,0,4,4,Survey / Patrol / Reconnaissance,Flight,Europe,1942,Disappeared Without Trace
23-Nov-42,LATI,Savoia-Marchetti SM.75,"Mediterranean Sea, All World",4,4,0,0,4,4,Scheduled Revenue Flight,Flight,Unknown,1942,Conflict Factors
24-Nov-42,United States AAF,Consolidated B-24 Liberator,"Atlantic Ocean, All World",5,5,0,0,5,5,Delivery,Flight,Unknown,1942,Disappeared Without Trace
26-Nov-42,United States NAVY,Consolidated PBY-5A Catalina,"Pacific Ocean, All World",9,9,0,0,9,9,Survey / Patrol / Reconnaissance,Flight,North America,1942,Disappeared Without Trace
9-Dec-42,United States AAF,Consolidated C-87 Liberator Express,"Atlantic Ocean, All World",5,5,5,5,10,10,Military,Flight,South America,1942,Disappeared Without Trace
14-Dec-42,United States NAVY,Consolidated PBY-5A Catalina,"Atlantic Ocean, All World",8,0,0,0,8,0,Survey / Patrol / Reconnaissance,Flight,South America,1942,Human Errors
17-Dec-42,United States NAVY,Consolidated PBY-5A Catalina,"Pacific Ocean, All World",7,7,0,0,7,7,Military,Flight,Unknown,1942,Poor Weather
19-Dec-42,Royal Air Force,Handley Page H.P.54 Harrow,"Bay of Biscay, All World",7,7,4,4,11,11,Military,Flight,Europe,1942,Disappeared Without Trace
27-Dec-42,United States NAVY,Consolidated PBY-5A Catalina,"Atlantic Ocean, All World",8,8,0,0,8,8,Supply,Flight,Europe,1942,Poor Weather
1-Jan-43,United States NAVY,Consolidated PBY-5A Catalina,"Pacific Ocean, All World",5,3,0,0,5,3,Military,Flight,Unknown,1943,Human Errors
17-Jan-43,United States AAF,Consolidated C-87 Liberator Express,"Atlantic Ocean, All World",6,6,20,20,26,26,Military,Flight,South America,1943,Poor Weather
22-Jan-43,Royal Air Force,Lockheed PV-1 Ventura,"The Channel, All World",4,4,0,0,4,4,Bombing,Flight,Europe,1943,Unknown Reasons
15-Feb-43,Royal Air Force,Martin B-26 Marauder,"Aegean Sea, All World",6,6,0,0,6,6,Survey / Patrol / Reconnaissance,Flight,Europe,1943,Conflict Factors
18-Feb-43,MLKNIL,North American B-25 Mitchell,"Timor Sea, All World",6,2,0,0,6,2,Bombing,Flight,Australia & Oceania,1943,Conflict Factors
5-Mar-43,United States NAVY,Consolidated PBY-5A Catalina,"Pacific Ocean, All World",8,8,0,0,8,8,Military,Flight,North America,1943,Disappeared Without Trace
7-Mar-43,Royal Air Force,Handley Page H.P.57 Halifax II,"North Sea, All World",7,7,0,0,7,7,Bombing,Flight,Europe,1943,Technical Factors
18-Mar-43,United States AAF,Consolidated B-24 Liberator,"Mediterranean Sea, All World",9,9,0,0,9,9,Bombing,Flight,Unknown,1943,Disappeared Without Trace
4-Apr-43,Royal Air Force,Lockheed PV-1 Ventura,"North Sea, All World",4,4,0,0,4,4,Bombing,Flight,Europe,1943,Conflict Factors
10-Apr-43,LATI,Savoia-Marchetti SM.75,"Mediterranean Sea, All World",3,3,0,0,3,3,Scheduled Revenue Flight,Flight,Unknown,1943,Conflict Factors
13-Apr-43,LATI,Savoia-Marchetti SM.75,"Mediterranean Sea, All World",3,3,0,0,3,3,Scheduled Revenue Flight,Flight,Unknown,1943,Conflict Factors
19-Apr-43,LATI,Savoia-Marchetti SM.75,"Mediterranean Sea, All World",3,3,0,0,3,3,Scheduled Revenue Flight,Flight,Unknown,1943,Conflict Factors
25-Apr-43,Royal Air Force,Martin B-26 Marauder,"Tyrrhenian Sea, All World",6,6,0,0,6,6,Survey / Patrol / Reconnaissance,Flight,Europe,1943,Disappeared Without Trace
28-Apr-43,Air Force,Lockheed L-414 Hudson,"Arafura Sea, All World",6,6,0,0,6,6,Survey / Patrol / Reconnaissance,Flight,Australia & Oceania,1943,Disappeared Without Trace
5-May-43,United States NAVY,Consolidated PBY-5A Catalina,"Gulf of Mexico, All World",4,3,0,0,4,3,Survey / Patrol / Reconnaissance,Flight,North America,1943,Crashing The Other Objects
1-Jun-43,BOAC,Douglas DC-3,"Bay of Biscay, All World",4,4,13,13,17,17,Scheduled Revenue Flight,Flight,Europe,1943,Conflict Factors
4-Jun-43,Air Force,Consolidated PBY-5A Catalina,"Pacific Ocean, All World",7,7,8,8,15,15,Military,Flight,Australia & Oceania,1943,Unknown Reasons
11-Jun-43,Royal Air Force,Boeing B-17 Flying Fortress,"Atlantic Ocean, All World",8,0,0,0,8,0,Bombing,Flight,Europe,1943,Conflict Factors
11-Jun-43,United States NAVY,Consolidated PBY-5A Catalina,"Atlantic Ocean, All World",9,8,0,0,9,8,Ambulance,Landing,Europe,1943,Poor Weather
13-Jun-43,Royal Air Force,Consolidated PBY-5A Catalina,"Atlantic Ocean, All World",10,10,0,0,10,10,Survey / Patrol / Reconnaissance,Flight,Europe,1943,Disappeared Without Trace
20-Jun-43,Royal Air Force,Consolidated B-24 Liberator,"Atlantic Ocean, All World",8,2,0,0,8,2,Military,Flight,Unknown,1943,Technical Factors
27-Jun-43,Air Force,Lockheed L-414 Hudson,"Pacific Ocean, All World",5,5,0,0,5,5,Bombing,Flight,Australia & Oceania,1943,Technical Factors
17-Jul-43,United States NAVY,Consolidated PBY-5A Catalina,"Gulf of Mexico, All World",8,8,0,0,8,8,Survey / Patrol / Reconnaissance,Flight,North America,1943,Disappeared Without Trace
3-Aug-43,Royal Air Force,Consolidated PBY-5A Catalina,"Atlantic Ocean, All World",8,8,0,0,8,8,Military,Flight,Europe,1943,Disappeared Without Trace
3-Aug-43,United States NAVY,Martin PBM Mariner,"Atlantic Ocean, All World",12,12,0,0,12,12,Bombing,Flight,South America,1943,Conflict Factors
4-Aug-43,Royal Air Force,Short S.25 Sunderland,"Atlantic Ocean, All World",11,5,0,0,11,5,Bombing,Flight,Europe,1943,Conflict Factors
15-Aug-43,Air Force,Lockheed L-414 Hudson,"Arafura Sea, All World",4,4,0,0,4,4,Survey / Patrol / Reconnaissance,Flight,Australia & Oceania,1943,Conflict Factors
15-Aug-43,United States AAF,Consolidated B-24 Liberator,"Solomon Sea, All World",11,11,0,0,11,11,Survey / Patrol / Reconnaissance,Flight,Australia & Oceania,1943,Conflict Factors
23-Aug-43,Royal Canadian Air Force,Avro 652 Anson,"Pacific Ocean, All World",3,0,0,0,3,0,Training,Flight,North America,1943,Technical Factors
24-Aug-43,Royal Air Force,Consolidated B-24 Liberator,"Bay of Bengal, All World",8,8,0,0,8,8,Survey / Patrol / Reconnaissance,Flight,Asia,1943,Disappeared Without Trace
27-Aug-43,AB Aerotransport,Douglas DC-3,"North Sea, All World",4,4,3,3,7,7,Scheduled Revenue Flight,Flight,Europe,1943,Conflict Factors
2-Sep-43,Royal Air Force,Consolidated B-24 Liberator,"Bay of Biscay, All World",0,0,0,0,0,0,Survey / Patrol / Reconnaissance,Flight,Europe,1943,Conflict Factors
2-Sep-43,Royal Air Force,Consolidated B-24 Liberator,"Bay of Biscay, All World",8,8,0,0,8,8,Survey / Patrol / Reconnaissance,Flight,Europe,1943,Conflict Factors
10-Sep-43,United States AAF,Boeing B-17 Flying Fortress,"Gulf of Mexico, All World",11,11,0,0,11,11,Training,Flight,North America,1943,Human Errors
10-Sep-43,United States AAF,Boeing B-17 Flying Fortress,"Gulf of Mexico, All World",11,11,0,0,11,11,Training,Flight,North America,1943,Human Errors
22-Sep-43,Royal Air Force,Consolidated B-24 Liberator,"Bay of Bengal, All World",8,8,0,0,8,8,Survey / Patrol / Reconnaissance,Flight,Asia,1943,Conflict Factors
2-Oct-43,United States NAVY,Consolidated PBY-5A Catalina,"Gulf of Mexico, All World",9,9,0,0,9,9,Survey / Patrol / Reconnaissance,Flight,North America,1943,Disappeared Without Trace
6-Oct-43,United States AAF,Consolidated B-24 Liberator,"Pacific Ocean, All World",10,10,0,0,10,10,Training,Flight,North America,1943,Disappeared Without Trace
6-Oct-43,United States NAVY,Martin PBM Mariner,"Caribbean Sea, All World",10,10,0,0,10,10,Survey / Patrol / Reconnaissance,Flight,North America,1943,Disappeared Without Trace
15-Oct-43,Air Force,Lockheed L-414 Hudson,"Arafura Sea, All World",5,5,0,0,5,5,Survey / Patrol / Reconnaissance,Flight,Australia & Oceania,1943,Disappeared Without Trace
19-Oct-43,Royal Air Force,Martin B-26 Marauder,"Adriatic Sea, All World",6,5,0,0,6,5,Survey / Patrol / Reconnaissance,Flight,Europe,1943,Technical Factors
20-Oct-43,United States AAF,Douglas C-47 Skytrain (DC-3),"Pacific Ocean, All World",6,6,8,8,14,14,Military,Flight,North America,1943,Disappeared Without Trace
24-Oct-43,United States AAF,Consolidated B-24 Liberator,"Tyrrhenian Sea, All World",8,8,0,0,8,8,Military,Flight,Europe,1943,Disappeared Without Trace
6-Nov-43,United States NAVY,Consolidated PBY-5A Catalina,"Pacific Ocean, All World",9,9,0,0,9,9,Military,Flight,North America,1943,Disappeared Without Trace
10-Nov-43,Royal Air Force,Short S.25 Sunderland,"Bay of Biscay, All World",8,8,4,4,12,12,Military,Flight,Europe,1943,Conflict Factors
17-Nov-43,United States NAVY,Consolidated PBY-5A Catalina,"Gulf of Mexico, All World",8,8,0,0,8,8,Survey / Patrol / Reconnaissance,Flight,North America,1943,Technical Factors
18-Nov-43,Royal Air Force,Avro 683 Lancaster,"Bay of Biscay, All World",7,7,0,0,7,7,Military,Flight,Europe,1943,Conflict Factors
20-Nov-43,Royal Canadian Air Force,Short S.25 Sunderland,"Atlantic Ocean, All World",11,11,0,0,11,11,Bombing,Flight,Europe,1943,Disappeared Without Trace
22-Nov-43,Royal Air Force,Consolidated PBY-5A Catalina,"Atlantic Ocean, All World",9,9,0,0,9,9,Training,Flight,Unknown,1943,Disappeared Without Trace
9-Dec-43,Marineluchtvaartdienst,Consolidated PBY-5A Catalina,"Bay of Bengal, All World",11,0,0,0,11,0,Survey / Patrol / Reconnaissance,Flight,Asia,1943,Technical Factors
19-Dec-43,Royal Air Force,Short S.25 Sunderland,"Atlantic Ocean, All World",19,19,0,0,19,19,Military,Flight,Europe,1943,Disappeared Without Trace
24-Dec-43,Royal Air Force,Short S.25 Sunderland,"Bay of Biscay, All World",12,12,9,9,21,21,Survey / Patrol / Reconnaissance,Flight,Europe,1943,Conflict Factors
25-Dec-43,Royal Air Force,Douglas DC-3,"Atlantic Ocean, All World",4,4,0,0,4,4,Military,Flight,Europe,1943,Disappeared Without Trace
27-Dec-43,United States NAVY,Douglas DC-3,"Coral Sea, All World",3,3,21,21,24,24,Military,Flight,Unknown,1943,Disappeared Without Trace
30-Dec-43,United States NAVY,Consolidated PBY-5A Catalina,"Pacific Ocean, All World",6,6,0,0,6,6,Military,Flight,Australia & Oceania,1943,Disappeared Without Trace
6-Jan-44,Royal Air Force,Short S.25 Sunderland,"Atlantic Ocean, All World",11,11,0,0,11,11,Survey / Patrol / Reconnaissance,Flight,Europe,1944,Conflict Factors
8-Feb-44,Royal Air Force,Martin B-26 Marauder,"Mediterranean Sea, All World",0,0,0,0,0,0,Military,Flight,Unknown,1944,Disappeared Without Trace
12-Feb-44,United States NAVY,Consolidated PBY-5A Catalina,"Gulf of Mexico, All World",5,0,0,0,5,0,Survey / Patrol / Reconnaissance,Flight,North America,1944,Human Errors
16-Feb-44,United States NAVY,Douglas C-47 Skytrain (DC-3),"Pacific Ocean, All World",2,2,12,12,14,14,Military,Flight,North America,1944,Disappeared Without Trace
27-Feb-44,MLKNIL,North American B-25 Mitchell,"Pacific Ocean, All World",4,3,0,0,4,3,Military,Flight,Unknown,1944,Human Errors
17-Mar-44,Royal Canadian Air Force,Douglas C-47 Skytrain (DC-3),"Pacific Ocean, All World",2,2,0,0,2,2,Military,Flight,North America,1944,Disappeared Without Trace
25-Mar-44,United States AAF,Douglas C-54 Skymaster,"Atlantic Ocean, All World",6,6,0,0,6,6,Military,Flight,Europe,1944,Conflict Factors
1-Apr-44,Royal Air Force,Lockheed PV-1 Ventura,"Mediterranean Sea, All World",5,5,0,0,5,5,Survey / Patrol / Reconnaissance,Flight,Africa,1944,Conflict Factors
2-Apr-44,United States AAF,Douglas C-47 Skytrain (DC-3),"Pacific Ocean, All World",5,5,0,0,5,5,Military,Flight,North America,1944,Disappeared Without Trace
6-Apr-44,United States NAVY,Consolidated PBY-5A Catalina,"Caribbean Sea, All World",3,0,27,16,30,16,Military,Flight,North America,1944,Technical Factors
15-Apr-44,United States AAF,Douglas C-47 Skytrain (DC-3),"Atlantic Ocean, All World",0,0,0,0,0,0,Military,Flight,South America,1944,Disappeared Without Trace
30-Apr-44,United States NAVY,Consolidated PBY-5A Catalina,"Pacific Ocean, All World",8,3,0,0,8,3,Military,Landing,Unknown,1944,Unknown Reasons
10-May-44,United States AAF,Consolidated B-24 Liberator,"Pacific Ocean, All World",10,10,0,0,10,10,Military,Flight,Australia & Oceania,1944,Disappeared Without Trace
15-May-44,Swedish Air Force,Caproni Ca.133,"Baltic Sea, All World",4,4,0,0,4,4,Survey / Patrol / Reconnaissance,Flight,Europe,1944,Conflict Factors
21-May-44,United States NAVY,Consolidated PBY-5A Catalina,"Pacific Ocean, All World",8,6,0,0,8,6,Military,Flight,Unknown,1944,Technical Factors
23-May-44,Swedish Air Force,Caproni Ca.133,"Baltic Sea, All World",4,4,0,0,4,4,Survey / Patrol / Reconnaissance,Flight,Europe,1944,Conflict Factors
24-May-44,Royal Canadian Air Force,Short S.25 Sunderland,"Norwegian Sea, All World",12,12,0,0,12,12,Survey / Patrol / Reconnaissance,Flight,Europe,1944,Conflict Factors
6-Jun-44,United States AAF,Douglas C-53 Skytrooper (DC-3),"The Channel, All World",4,0,0,0,4,0,Military,Flight,Europe,1944,Human Errors
7-Jun-44,United States AAF,Douglas C-47 Skytrain (DC-3),"The Channel, All World",4,0,0,0,4,0,Supply,Flight,Europe,1944,Conflict Factors
7-Jun-44,United States AAF,Douglas C-47 Skytrain (DC-3),"The Channel, All World",5,2,2,0,7,2,Supply,Flight,Europe,1944,Disappeared Without Trace
8-Jun-44,United States AAF,Consolidated B-24 Liberator,"The Channel, All World",10,5,0,0,10,5,Bombing,Flight,Europe,1944,Unknown Reasons
12-Jun-44,Royal Air Force,Short S.25 Sunderland,"Bay of Biscay, All World",11,11,0,0,11,11,Survey / Patrol / Reconnaissance,Flight,Europe,1944,Conflict Factors
12-Jun-44,Royal Air Force,Short S.25 Sunderland,"Bay of Biscay, All World",12,12,0,0,12,12,Survey / Patrol / Reconnaissance,Flight,Europe,1944,Conflict Factors
13-Jun-44,Royal Canadian Air Force,Canadian Vickers PBV-1 Canso (OA-10 Canso),"Norwegian Sea, All World",5,1,0,0,5,1,Bombing,Flight,Europe,1944,Conflict Factors
16-Jun-44,United States NAVY,Consolidated PBY-5A Catalina,"Pacific Ocean, All World",7,7,0,0,7,7,Survey / Patrol / Reconnaissance,Flight,North America,1944,Poor Weather
21-Jun-44,United States NAVY,Martin PBM Mariner,"Pacific Ocean, All World",12,12,0,0,12,12,Survey / Patrol / Reconnaissance,Flight,Unknown,1944,Conflict Factors
24-Jun-44,Royal Canadian Air Force,Consolidated Canso,"Norwegian Sea, All World",3,3,0,0,3,3,Bombing,Flight,Europe,1944,Conflict Factors
24-Jul-44,United States AAF,Martin B-26 Marauder,"Gulf of Mexico, All World",6,6,0,0,6,6,Survey / Patrol / Reconnaissance,Flight,North America,1944,Disappeared Without Trace
26-Jul-44,United States AAF,Douglas C-54 Skymaster,"Atlantic Ocean, All World",6,6,20,20,26,26,Military,Flight,Unknown,1944,Disappeared Without Trace
13-Aug-44,United States NAVY,Consolidated PBY-5A Catalina,"Pacific Ocean, All World",4,4,0,0,4,4,Survey / Patrol / Reconnaissance,Flight,Unknown,1944,Disappeared Without Trace
14-Aug-44,Royal Air Force,Douglas C-47 Skytrain (DC-3),"Atlantic Ocean, All World",0,0,0,0,0,0,Delivery,Flight,South America,1944,Technical Factors
20-Aug-44,Air Force,Lockheed L-414 Hudson,"Pacific Ocean, All World",7,7,0,0,7,7,Military,Flight,Australia & Oceania,1944,Technical Factors
20-Aug-44,Air Force,Lockheed L-414 Hudson,"Pacific Ocean, All World",7,7,0,0,7,7,Military,Flight,Australia & Oceania,1944,Poor Weather
21-Aug-44,United States AAF,Douglas C-47 Skytrain (DC-3),"Atlantic Ocean, All World",6,6,2,2,8,8,Military,Flight,Europe,1944,Poor Weather
5-Sep-44,United States NAVY,Martin PBM Mariner,"Pacific Ocean, All World",4,4,0,0,4,4,Ferry,Flight,Australia & Oceania,1944,Technical Factors
18-Sep-44,Royal Air Force,Douglas C-47 Skytrain (DC-3),"North Sea, All World",4,4,0,0,4,4,Military,Flight,Europe,1944,Disappeared Without Trace
18-Sep-44,United States AAF,Douglas C-47 Skytrain (DC-3),"North Sea, All World",4,0,0,0,4,0,Supply,Flight,Europe,1944,Conflict Factors
4-Oct-44,Royal Air Force,Consolidated B-24 Liberator,"North Sea, All World",9,9,0,0,9,9,Bombing,Flight,Europe,1944,Conflict Factors
15-Oct-44,United States NAVY,Consolidated PBY-5A Catalina,"Atlantic Ocean, All World",7,7,0,0,7,7,Survey / Patrol / Reconnaissance,Flight,Unknown,1944,Disappeared Without Trace
15-Oct-44,AEROFLOT,Douglas C-47 Skytrain (DC-3),"Baltic Sea, All World",5,5,2,2,7,7,Supply,Flight,Europe,1944,Poor Weather
26-Oct-44,Air Force,Lockheed PV-1 Ventura,"Pacific Ocean, All World",5,5,0,0,5,5,Military,Flight,Australia & Oceania,1944,Technical Factors
29-Oct-44,United States AAF,Consolidated B-24 Liberator,"Timor Sea, All World",10,10,0,0,10,10,Military,Flight,Asia,1944,Technical Factors
11-Nov-44,United States AAF,Consolidated B-24 Liberator,"Adriatic Sea, All World",11,11,0,0,11,11,Military,Flight,Europe,1944,Disappeared Without Trace
11-Nov-44,United States AAF,Douglas C-54 Skymaster,"Pacific Ocean, All World",6,6,11,11,17,17,Military,Flight,North America,1944,Technical Factors
13-Nov-44,United States AAF,Douglas C-47 Skytrain (DC-3),"North Sea, All World",4,4,0,0,4,4,Military,Flight,Europe,1944,Disappeared Without Trace
23-Nov-44,United States AAF,Douglas C-47 Skytrain (DC-3),"The Channel, All World",4,4,0,0,4,4,Cargo,Flight,Europe,1944,Poor Weather
27-Nov-44,United States AAF,Douglas C-47 Skytrain (DC-3),"Pacific Ocean, All World",2,2,19,19,21,21,Military,Flight,Asia,1944,Disappeared Without Trace
28-Nov-44,Royal Air Force,Short S.25 Sunderland,"Indian Ocean, All World",10,10,0,0,10,10,Survey / Patrol / Reconnaissance,Flight,Asia,1944,Disappeared Without Trace
7-Dec-44,United States AAF,Douglas C-47 Skytrain (DC-3),"Pacific Ocean, All World",4,4,12,12,16,16,Military,Flight,Asia,1944,Disappeared Without Trace
12-Dec-44,United States NAVY,Martin PBM Mariner,"Pacific Ocean, All World",10,7,0,0,10,7,Survey / Patrol / Reconnaissance,Flight,North America,1944,Human Errors
15-Dec-44,United States AAF,Noorduyn Norseman,"The Channel, All World",2,2,1,1,3,3,Charter / Taxi,Flight,Europe,1944,Conflict Factors
15-Dec-44,Royal Canadian Air Force,Boeing B-17 Flying Fortress,"Atlantic Ocean, All World",5,5,3,3,8,8,Postal,Flight,Europe,1944,Disappeared Without Trace
30-Dec-44,Trans-Canada Airlines,Avro 691 Lancastrian,"Atlantic Ocean, All World",4,4,1,1,5,5,Postal,Flight,North America,1944,Disappeared Without Trace
19-Jan-45,Royal Air Force,Douglas DC-3,"North Sea, All World",3,3,0,0,3,3,Training,Flight,Europe,1945,Disappeared Without Trace
23-Jan-45,United States AAF,Douglas C-47 Skytrain (DC-3),"Ligurian Sea, All World",5,5,0,0,5,5,Military,Flight,Europe,1945,Poor Weather
6-Feb-45,Royal Air Force,Douglas C-47 Skytrain (DC-3),"Atlantic Ocean, All World",4,4,0,0,4,4,Delivery,Flight,North America,1945,Disappeared Without Trace
12-Feb-45,United States AAF,Boeing B-17 Flying Fortress,"Pacific Ocean, All World",12,12,0,0,12,12,Survey / Patrol / Reconnaissance,Flight,Australia & Oceania,1945,Technical Factors
17-Feb-45,United States NAVY,Grumman G-44 Widgeon,"Atlantic Ocean, All World",4,4,0,0,4,4,Military,Flight,North America,1945,Technical Factors
26-Feb-45,United States AAF,Consolidated C-87 Liberator Express,"Pacific Ocean, All World",6,6,4,4,10,10,Military,Flight,Australia & Oceania,1945,Disappeared Without Trace
27-Feb-45,United States NAVY,Consolidated PBY-5A Catalina,"Pacific Ocean, All World",9,6,0,0,9,6,Survey / Patrol / Reconnaissance,Landing,Unknown,1945,Human Errors
7-Mar-45,Air Force,Consolidated PBY-5A Catalina,"Pacific Ocean, All World",9,9,0,0,9,9,Survey / Patrol / Reconnaissance,Flight,Unknown,1945,Disappeared Without Trace
9-Mar-45,United States AAF,Curtiss C-46 Commando,"Pacific Ocean, All World",7,7,0,0,7,7,Military,Flight,Unknown,1945,Disappeared Without Trace
10-Mar-45,United States NAVY,Consolidated B-24 Liberator,"Atlantic Ocean, All World",14,14,0,0,14,14,Military,Flight,North America,1945,Disappeared Without Trace
17-Mar-45,United States NAVY,Consolidated PBY-5A Catalina,"Georgetown, All Ascension Island",8,5,0,0,8,5,Survey / Patrol / Reconnaissance,Takeoff,Africa,1945,Human Errors
19-Mar-45,Royal Air Force,Douglas C-47 Skytrain (DC-3),"Coral Sea, All World",4,0,24,0,28,0,Military,Flight,Australia & Oceania,1945,Technical Factors
19-Mar-45,United States NAVY,Douglas C-47 Skytrain (DC-3),"Pacific Ocean, All World",5,5,12,12,17,17,Military,Flight,Asia,1945,Disappeared Without Trace
27-Mar-45,United States AAF,Douglas C-47 Skytrain (DC-3),"Coral Sea, All World",4,4,20,20,24,24,Military,Flight,Australia & Oceania,1945,Disappeared Without Trace
27-Mar-45,Royal Air Force,Consolidated LB-30 Liberator,"Atlantic Ocean, All World",7,7,7,7,14,14,Military,Flight,Europe,1945,Disappeared Without Trace
30-Mar-45,United States NAVY,Martin PBM Mariner,"Pacific Ocean, All World",12,12,0,0,12,12,Bombing,Flight,Unknown,1945,Conflict Factors
5-Apr-45,Royal Air Force,Short S.25 Sunderland,"Atlantic Ocean, All World",12,12,0,0,12,12,Survey / Patrol / Reconnaissance,Flight,Europe,1945,Technical Factors
28-Apr-45,Royal Air Force,Douglas C-47 Skytrain (DC-3),"The Channel, All World",5,5,1,1,6,6,Military,Flight,Europe,1945,Disappeared Without Trace
2-Jun-45,United States NAVY,Consolidated PBY-5A Catalina,"Pacific Ocean, All World",8,8,0,0,8,8,Military,Flight,Unknown,1945,Disappeared Without Trace
8-Jun-45,United States AAF,Douglas C-47 Skytrain (DC-3),"Pacific Ocean, All World",4,4,4,4,8,8,Military,Flight,Asia,1945,Disappeared Without Trace
11-Jun-45,United States AAF,Curtiss C-46 Commando,"Pacific Ocean, All World",5,5,0,0,5,5,Military,Flight,Asia,1945,Disappeared Without Trace
13-Jun-45,United States AAF,Curtiss C-46 Commando,"Pacific Ocean, All World",6,6,0,0,6,6,Military,Flight,Unknown,1945,Disappeared Without Trace
18-Jun-45,United States NAVY,Martin PBM Mariner,"Yellow Sea, All World",10,5,0,0,10,5,Survey / Patrol / Reconnaissance,Flight,Asia,1945,Technical Factors
27-Jun-45,Royal Canadian Air Force,Douglas C-47 Skytrain (DC-3),"Pacific Ocean, All World",3,3,0,0,3,3,Training,Flight,North America,1945,Disappeared Without Trace
4-Jul-45,Royal Air Force,Consolidated PB4Y-2 Privateer,"Atlantic Ocean, All World",4,4,11,11,15,15,Military,Flight,Unknown,1945,Disappeared Without Trace
9-Jul-45,United States NAVY,Martin PBM Mariner,"Sargasso Sea, All World",12,12,0,0,12,12,Training,Flight,North America,1945,Technical Factors
1-Aug-45,United States AAF,Boeing B-17 Flying Fortress,"Tyrrhenian Sea, All World",5,1,20,12,25,13,Military,Flight,Europe,1945,Technical Factors
26-Aug-45,United States AAF,Douglas C-47 Skytrain (DC-3),"Coral Sea, All World",2,2,0,0,2,2,Cargo,Flight,Australia & Oceania,1945,Disappeared Without Trace
28-Aug-45,United States AAF,Douglas C-47 Skytrain (DC-3),"Pacific Ocean, All World",5,5,14,14,19,19,Military,Flight,Asia,1945,Poor Weather
16-Sep-45,Royal Air Force,Douglas C-47 Skytrain (DC-3),"Andaman Sea, All World",0,0,0,0,0,0,Military,Flight,Asia,1945,Technical Factors
19-Sep-45,Air Force,Douglas C-47 Skytrain (DC-3),"Celebes Sea, All World",3,0,20,0,23,0,Military,Flight,Asia,1945,Technical Factors
24-Sep-45,Air Force,Douglas C-47 Skytrain (DC-3),"Pacific Ocean, All World",4,4,16,16,20,20,Military,Flight,Australia & Oceania,1945,Poor Weather
26-Sep-45,United States AAF,Curtiss C-46 Commando,"Pacific Ocean, All World",0,0,0,0,0,0,Military,Flight,Unknown,1945,Disappeared Without Trace
7-Oct-45,United States AAF,Boeing B-29 Superfortress,"Pacific Ocean, All World",8,8,0,0,8,8,Military,Flight,Australia & Oceania,1945,Disappeared Without Trace
13-Oct-45,United States AAF,Douglas C-47 Skytrain (DC-3),"Pacific Ocean, All World",6,6,0,0,6,6,Military,Flight,Asia,1945,Disappeared Without Trace
16-Oct-45,United States AAF,Douglas C-47 Skytrain (DC-3),"Pacific Ocean, All World",6,6,11,6,17,12,Military,Flight,Australia & Oceania,1945,Technical Factors
4-Nov-45,PAN AM,Boeing 314 Clipper,"Pacific Ocean, All World",10,0,13,0,23,0,Scheduled Revenue Flight,Flight,North America,1945,Technical Factors
7-Nov-45,Royal Air Force,Avro 683 Lancaster,"The Channel, All World",8,8,0,0,8,8,Survey / Patrol / Reconnaissance,Flight,Europe,1945,Disappeared Without Trace
30-Nov-45,United States NAVY,Consolidated PB4Y-2 Privateer,"Pacific Ocean, All World",8,8,17,17,25,25,Military,Flight,North America,1945,Disappeared Without Trace
5-Dec-45,United States NAVY,Martin PBM Mariner,"Sargasso Sea, All World",13,13,0,0,13,13,Survey / Patrol / Reconnaissance,Flight,North America,1945,Human Errors
11-Dec-45,United States AAF,Douglas C-47 Skytrain (DC-3),"Pacific Ocean, All World",4,4,0,0,4,4,Military,Flight,Asia,1945,Disappeared Without Trace
19-Dec-45,Air Force,Douglas C-47 Skytrain (DC-3),"Timor Sea, All World",4,4,21,21,25,25,Military,Flight,Unknown,1945,Poor Weather
23-Mar-46,BOAC,Avro 691 Lancastrian,"Indian Ocean, All World",5,5,5,5,10,10,Scheduled Revenue Flight,Flight,Asia,1946,Disappeared Without Trace
9-Apr-46,Air Force,Consolidated B-24 Liberator,"Celebes Sea, All World",8,1,2,1,10,2,Military,Flight,Asia,1946,Technical Factors
4-Jul-46,Bristol,Bristol 170 Freighter,"Atlantic Ocean, All World",5,0,0,0,5,0,Delivery,Flight,South America,1946,Technical Factors
6-Oct-46,Royal Air Force,Avro 685 York,"Malacca Strait, All World",6,6,15,15,21,21,Military,Flight,Asia,1946,Poor Weather
22-Oct-46,Royal Air Force,Avro 652 Anson,"North Sea, All World",4,4,0,0,4,4,Training,Flight,Europe,1946,Disappeared Without Trace
2-Nov-46,United States AAF,Douglas C-47 Skytrain (DC-3),"Caribbean Sea, All World",8,8,0,0,8,8,Military,Flight,North America,1946,Disappeared Without Trace
22-Feb-47,United States NAVY,Martin PBM Mariner,"Pacific Ocean, All World",12,9,1,1,13,10,Survey / Patrol / Reconnaissance,Flight,North America,1947,Unknown Reasons
20-Mar-47,Royal Air Force,Avro 683 Lancaster,"Atlantic Ocean, All World",9,7,0,0,9,7,Training,Flight,Europe,1947,Human Errors
18-Apr-47,Royal Air Force,Handley Page H.P.63 Halifax VI,"Atlantic Ocean, All World",9,9,0,0,9,9,Survey / Patrol / Reconnaissance,Flight,Europe,1947,Unknown Reasons
1-Jul-47,Transportes Aéreos Nacionales - TAN Costa Rica,Douglas C-47 Skytrain (DC-3),"Pacific Ocean, All World",2,2,0,0,2,2,Cargo,Flight,South America,1947,Unknown Reasons
3-Jul-47,United States AAF,Douglas C-54 Skymaster,"Sargasso Sea, All World",6,6,0,0,6,6,Military,Flight,North America,1947,Poor Weather
6-Aug-47,United States NAVY,Consolidated PBY-5A Catalina,"Pacific Ocean, All World",5,5,15,15,20,20,Military,Flight,North America,1947,Unknown Reasons
16-Aug-47,United States AAF,Boeing B-17 Flying Fortress,"Pacific Ocean, All World",4,0,9,3,13,3,Military,Flight,North America,1947,Technical Factors
14-Oct-47,American International Airlines,Boeing 314 Clipper,"Atlantic Ocean, All World",7,0,62,0,69,0,Charter / Taxi,Flight,North America,1947,Human Errors
25-Jan-48,Société Indochinoise de Transports Aériens - SITA,Bristol 170 Freighter ,"Mediterranean Sea, All World",3,3,2,2,5,5,Delivery,Flight,Europe,1948,Unknown Reasons
30-Jan-48,B-S-A-A,Avro 689 Tudor,"Atlantic Ocean, All World",6,6,25,25,31,31,Scheduled Revenue Flight,Flight,Unknown,1948,Disappeared Without Trace
27-Feb-48,Pullman Airways,Airspeed AS.65 Consul,"Mediterranean Sea, All World",1,1,1,1,2,2,Charter / Taxi,Flight,Africa,1948,Poor Weather
2-Mar-48,Société de Transports Aériens - STA,AAC.1 Toucan,"Mediterranean Sea, All World",3,3,1,1,4,4,Cargo,Flight,Europe,1948,Unknown Reasons
5-Apr-48,Royal Air Force,Vickers 619 Wellington X,"North Sea, All World",3,3,0,0,3,3,Training,Flight,Europe,1948,Unknown Reasons
5-May-48,THE SUPERIOR OIL COMPANY,Douglas C-47 Skytrain (DC-3),"Atlantic Ocean, All World",2,2,0,0,2,2,Private,Flight,Unknown,1948,Unknown Reasons
20-Jul-48,ARMEE DEL'AIR,Douglas C-47 Skytrain (DC-3),"Mediterranean Sea, All World",2,0,18,0,20,0,Military,Flight,Europe,1948,Human Errors
1-Aug-48,AIR FRANCE,Latécoère 631,"Atlantic Ocean, All World",11,11,41,41,52,52,Scheduled Revenue Flight,Flight,Africa,1948,Technical Factors
20-Aug-48,AVENSA,Douglas C-47 Skytrain (DC-3),"Caribbean Sea, All World",3,3,0,0,3,3,Cargo,Flight,South America,1948,Unknown Reasons
5-Dec-48,United States Air Force,Douglas C-54 Skymaster,"Pacific Ocean, All World",7,0,30,4,37,4,Military,Flight,North America,1948,Technical Factors
28-Dec-48,Airborne Transport,Douglas DC-3,"Gulf of Mexico, All World",3,3,29,29,32,32,Charter / Taxi,Flight,North America,1948,Disappeared Without Trace
17-Jan-49,B-S-A-A,Avro 689 Tudor,"Sargasso Sea, All World",7,7,13,13,20,20,Scheduled Revenue Flight,Flight,North America,1949,Disappeared Without Trace
26-Jan-49,United States Air Force,Boeing B-29 Superfortress,"Atlantic Ocean, All World",15,15,0,0,15,15,Military,Flight,Europe,1949,Unknown Reasons
27-Mar-49,United States NAVY,Consolidated PBY-5A Catalina,"Pacific Ocean, All World",11,0,0,0,11,0,Military,Flight,Unknown,1949,Technical Factors
27-Apr-49,United States Air Force,Douglas C-47 Skytrain (DC-3),"Atlantic Ocean, All World",4,0,0,0,4,0,Military,Flight,North America,1949,Technical Factors
9-Jul-49,Royal Air Force,Handley Page H.P.70 Halifax VIII,"Atlantic Ocean, All World",4,4,3,3,7,7,Meteorological / Weather,Flight,Europe,1949,Disappeared Without Trace
16-Nov-49,United States Air Force,Boeing B-29 Superfortress,"Atlantic Ocean, All World",20,2,0,0,20,2,Military,Flight,North America,1949,Technical Factors
9-Dec-49,FUERZA AEREA MEXICAA,Douglas C-47 Skytrain (DC-3),"Pacific Ocean, All World",8,8,0,0,8,8,Cargo,Flight,North America,1949,Unknown Reasons
2-Feb-50,KLM,Douglas C-47 Skytrain (DC-3),"North Sea, All World",7,7,0,0,7,7,Cargo,Flight,Europe,1950,Technical Factors
24-May-50,United States NAVY,Lockheed P-2 Neptune,"Pacific Ocean, All World",0,0,0,0,0,0,Training,Flight,North America,1950,Conflict Factors
5-Jun-50,Westair Transport,Curtiss C-46 Commando,"Sargasso Sea, All World",3,0,62,28,65,28,Charter / Taxi,Flight,North America,1950,Technical Factors
7-Jun-50,United States Air Force,Boeing B-29 Superfortress,"North Sea, All World",13,11,0,0,13,11,Survey / Patrol / Reconnaissance,Flight,Europe,1950,Unknown Reasons
16-Jun-50,United States Air Force,Boeing B-29 Superfortress,"East China Sea, All World",0,0,0,0,0,0,Survey / Patrol / Reconnaissance,Flight,Asia,1950,Conflict Factors
23-Jun-50,United States Air Force,Boeing B-29 Superfortress,"Pacific Ocean, All World",11,3,0,0,11,3,Military,Flight,Australia & Oceania,1950,Unknown Reasons
28-Jun-50,United States Air Force,Douglas A-26 Invader,"Yellow Sea, All World",3,2,0,0,3,2,Bombing,Flight,Asia,1950,Technical Factors
12-Jul-50,United States Air Force,Boeing B-29 Superfortress,"Yellow Sea, All World",13,0,0,0,13,0,Military,Flight,Asia,1950,Conflict Factors
15-Oct-50,United States Air Force,Douglas C-47 Skytrain (DC-3),"Japan Sea, All World",4,4,0,0,4,4,Military,Flight,Asia,1950,Technical Factors
5-Nov-50,United States NAVY,Martin PBM Mariner,"South China Sea, All World",12,12,0,0,12,12,Survey / Patrol / Reconnaissance,Flight,Asia,1950,Unknown Reasons
10-Mar-51,Royal Air Force,Avro 652 Anson,"Atlantic Ocean, All World",3,0,3,1,6,1,Military,Flight,Europe,1951,Poor Weather
23-Mar-51,United States Air Force,Douglas C-124 Globemaster II,"Atlantic Ocean, All World",13,13,40,40,53,53,Military,Flight,Europe,1951,Human Errors
29-Mar-51,United States Air Force,Boeing B-29 Superfortress,"East China Sea, All World",12,12,0,0,12,12,Military,Flight,Asia,1951,Conflict Factors
21-Jul-51,CP Air,Douglas C-54 Skymaster,"Pacific Ocean, All World",6,6,31,31,37,37,Scheduled Revenue Flight,Flight,North America,1951,Poor Weather
19-Sep-51,United States Air Force,Boeing B-29 Superfortress,"Japan Sea, All World",14,14,0,0,14,14,Military,Flight,Asia,1951,Technical Factors
15-Oct-51,United States Air Force,Boeing C-97 Stratofreighter,"Atlantic Ocean, All World",3,3,9,9,12,12,Military,Flight,Unknown,1951,Disappeared Without Trace
22-Oct-51,United States Air Force,Boeing B-29 Superfortress,"Yellow Sea, All World",12,0,0,0,12,0,Bombing,Flight,Asia,1951,Conflict Factors
23-Oct-51,United States Air Force,Boeing B-29 Superfortress ,"Yellow Sea, All World",13,9,0,0,13,9,Bombing,Flight,Asia,1951,Conflict Factors
6-Nov-51,United States NAVY,Lockheed P-2 Neptune,"Japan Sea, All World",10,10,0,0,10,10,Survey / Patrol / Reconnaissance,Flight,Asia,1951,Conflict Factors
26-Dec-51,United States NAVY,Lockheed P-2 Neptune,"Japan Sea, All World",7,2,0,0,7,2,Survey / Patrol / Reconnaissance,Flight,Asia,1951,Technical Factors
21-Jan-52,United States Air Force,Curtiss C-46 Commando,"Japan Sea, All World",0,0,0,0,0,0,Supply,Flight,Asia,1952,Technical Factors
23-Jan-52,Royal Air Force,Avro 683 Lancaster,"Mediterranean Sea, All World",6,1,1,1,7,2,Training,Flight,Europe,1952,Technical Factors
31-Jan-52,United States Air Force,Boeing B-29 Superfortress,"East China Sea, All World",13,13,0,0,13,13,Bombing,Flight,Asia,1952,Disappeared Without Trace
9-May-52,Garuda Indonesia,Douglas DC-3,"Malacca Strait, All World",3,3,14,14,17,17,Scheduled Revenue Flight,Flight,Asia,1952,Poor Weather
16-Jun-52,Swedish Air Force,Consolidated PBY-5A Catalina,"Baltic Sea, All World",5,0,0,0,5,0,Survey / Patrol / Reconnaissance,Flight,Europe,1952,Conflict Factors
27-Jul-52,Tropic Airways,Douglas C-47 Skytrain (DC-3),"Mediterranean Sea, All World",4,0,28,0,32,0,Charter / Taxi,Flight,Africa,1952,Technical Factors
3-Nov-52,United States Air Force,Douglas C-47 Skytrain (DC-3),"Fletcher's Ice Island, All World ",0,0,0,0,0,0,Military,Landing,Antartica,1952,Unknown Reasons
20-Nov-52,United States NAVY,Lockheed P-2 Neptune,"Atlantic Ocean, All World",8,8,0,0,8,8,Training,Flight,North America,1952,Unknown Reasons
21-Dec-52,RANSA,Curtiss C-46 Commando,"Caribbean Sea, All World",3,3,0,0,3,3,Cargo,Flight,North America,1952,Unknown Reasons
26-Dec-52,United States NAVY,Martin PBM Mariner,"Japan Sea, All World",14,10,0,0,14,10,Survey / Patrol / Reconnaissance,Flight,Asia,1952,Technical Factors
2-Feb-53,Skyways of London,Avro 658 York,"Atlantic Ocean, All World",6,6,33,33,39,39,Charter / Taxi,Flight,North America,1953,Human Errors
27-Feb-53,United States NAVY,Lockheed P-2 Neptune,"Atlantic Ocean, All World",10,0,0,0,10,0,Military,Flight,Unknown,1953,Technical Factors
22-Mar-53,United States NAVY,Martin PBM Mariner,"Atlantic Ocean, All World",4,4,7,7,11,11,Military,Flight,North America,1953,Unknown Reasons
12-Jul-53,TRANSOCEAN,Douglas DC-6,"Pacific Ocean, All World",9,9,49,49,58,58,Charter / Taxi,Flight,Unknown,1953,Disappeared Without Trace
22-Jul-53,Royal Air Force,Handley Page H.P.67 Hastings ,"Mediterranean Sea, All World",6,0,0,0,6,0,Military,Flight,Europe,1953,Technical Factors
30-Jul-53,United States NAVY,Martin PBM Mariner,"South China Sea, All World",15,10,0,0,15,10,Survey / Patrol / Reconnaissance,Flight,Asia,1953,Technical Factors
5-Aug-53,United States NAVY,Convair B-36 Peacemaker,"Atlantic Ocean, All World",23,19,0,0,23,19,Military,Flight,Europe,1953,Technical Factors
27-Oct-53,United States NAVY,Lockheed P-2 Neptune,"Pacific Ocean, All World",9,1,0,0,9,1,Survey / Patrol / Reconnaissance,Flight,Asia,1953,Technical Factors
15-Nov-53,United States Air Force,Grumman HU-16 (SA-16) Albatross,"Atlantic Ocean, All World",5,5,0,0,5,5,Military,Flight,Unknown,1953,Unknown Reasons
31-Dec-53,United States NAVY,Consolidated PBY-5A Catalina,"Pacific Ocean, All World",0,0,0,0,0,0,Survey / Patrol / Reconnaissance,Flight,North America,1953,Unknown Reasons
8-May-54,Polyarnaya Aviatsiya,Antonov AN-2,"Arctic, All World",5,0,0,0,5,0,Supply,Landing,Antartica,1954,Human Errors
21-May-54,United States NAVY,Martin P5M-2 Marlin,"Pacific Ocean, All World",10,4,0,0,10,4,Military,Flight,North America,1954,Technical Factors
19-Jul-54,AERONAUTICA MILITARE,Lockheed P-2 Harpoon,"Ionian Sea, All World",7,7,0,0,7,7,Training,Flight,Europe,1954,Technical Factors
4-Sep-54,United States NAVY,Lockheed P-2 Neptune,"Japan Sea, All World",10,1,0,0,10,1,Survey / Patrol / Reconnaissance,Flight,Asia,1954,Conflict Factors
31-Oct-54,United States NAVY,Lockheed L-1049 Super Constellation,"Atlantic Ocean, All World",21,21,21,21,42,42,Military,Flight,North America,1954,Technical Factors
17-Dec-54,Royal Air Force,Avro 683 Lancaster,"Celtic Sea, All World",7,7,0,0,7,7,Training,Flight,Europe,1954,Unknown Reasons
11-Jan-55,Royal Air Force,Avro 696 Shackleton,"Celtic Sea, All World",9,9,0,0,9,9,Training,Flight,Europe,1955,Poor Weather
11-Jan-55,Royal Air Force,Avro 696 Shackleton,"Celtic Sea, All World",9,9,0,0,9,9,Training,Flight,Europe,1955,Poor Weather
26-Jan-55,United States Air Force,Douglas C-54 Skymaster,"Atlantic Ocean, All World",8,0,0,0,8,0,Military,Flight,Unknown,1955,Technical Factors
26-Mar-55,PAN AM,Boeing 377 Stratocruiser,"Pacific Ocean, All World",8,2,15,2,23,4,Scheduled Revenue Flight,Flight,North America,1955,Technical Factors
4-May-55,United States Air Force,Boeing KC-97 Stratotanker ,"Atlantic Ocean, All World",9,9,0,0,9,9,Military,Flight,Europe,1955,Technical Factors
26-May-55,Polyarnaya Aviatsiya,Lisunov LI-2,"Arctic, All World",6,0,4,0,10,0,Meteorological / Weather,Landing,Antartica,1955,Human Errors
29-Jul-55,United States Air Force,Douglas C-47 Skytrain (DC-3),"Mediterranean Sea, All World",2,0,16,0,18,0,Military,Flight,Africa,1955,Technical Factors
23-Sep-55,FLYING TIGER LINE,Douglas C-54 Skymaster,"Pacific Ocean, All World",5,3,0,0,5,3,Cargo,Flight,Unknown,1955,Technical Factors
26-Sep-55,United States NAVY,Lockheed P-2 Neptune,"Caribbean Sea, All World",9,9,2,2,11,11,Meteorological / Weather,Flight,North America,1955,Technical Factors
13-Oct-55,Royal Air Force,Lockheed P-2 Neptune,"Atlantic Ocean, All World",9,9,0,0,9,9,Survey / Patrol / Reconnaissance,Flight,Europe,1955,Technical Factors
9-Nov-55,United States Air Force,Fairchild C-119 Flying Boxcar,"Pacific Ocean, All World",5,1,0,0,5,1,Military,Flight,North America,1955,Technical Factors
2-Mar-56,United States Air Force,Douglas C-124 Globemaster II,"Atlantic Ocean, All World",17,17,0,0,17,17,Military,Flight,Europe,1956,Technical Factors
10-Sep-56,United States Air Force,Boeing B-50 Superfortress,"Japan Sea, All World",16,16,0,0,16,16,Meteorological / Weather,Flight,Asia,1956,Disappeared Without Trace
17-Sep-56,United States NAVY,Lockheed L-1049 Super Constellation,"Pacific Ocean, All World",18,0,0,0,18,0,Meteorological / Weather,Flight,Australia & Oceania,1956,Technical Factors
10-Oct-56,United States Air Force,Douglas DC-6,"Atlantic Ocean, All World",10,10,49,49,59,59,Military,Flight,Europe,1956,Technical Factors
16-Oct-56,PAN AM,Boeing 377 Stratocruiser,"Pacific Ocean, All World",7,0,24,0,31,0,Scheduled Revenue Flight,Flight,North America,1956,Technical Factors
29-Oct-56,Egyptian Air Force,Ilyushin II-14,"Mediterranean Sea, All World",4,4,12,12,16,16,Military,Flight,Africa,1956,Conflict Factors
9-Nov-56,United States NAVY,Martin P5M-2 Marlin,"Atlantic Ocean, All World",10,10,0,0,10,10,Survey / Patrol / Reconnaissance,Flight,North America,1956,Poor Weather
22-Mar-57,United States Air Force,Boeing C-97 Stratofreighter,"Pacific Ocean, All World",10,10,57,57,67,67,Military,Flight,Asia,1957,Disappeared Without Trace
9-May-57,United States Air Force,Boeing KC-97 Stratotanker,"Atlantic Ocean, All World",7,0,0,0,7,0,Military,Flight,Europe,1957,Technical Factors
8-Nov-57,PAN AM,Boeing 377 Sstratocruiser,"Pacific Ocean, All World",8,8,36,36,44,44,Scheduled Revenue Flight,Flight,North America,1957,Disappeared Without Trace
19-Jan-58,United States Air Force,Boeing C-97 Stratofreighter,"Pacific Ocean, All World",7,7,0,0,7,7,Military,Flight,North America,1958,Unknown Reasons
20-Feb-58,United States NAVY,Lockheed L-1049 Super Constellation,"Atlantic Ocean, All World",5,5,17,17,22,22,Military,Flight,Europe,1958,Disappeared Without Trace
4-Jul-58,United States Air Force,Douglas C-124 Globemaster II,"Pacific Ocean, All World",7,4,2,2,9,6,Military,Flight,North America,1958,Technical Factors
14-Aug-58,KLM,Lockheed L-1049 Super Constellation,"Atlantic Ocean, All World",8,8,91,91,99,99,Scheduled Revenue Flight,Flight,Europe,1958,Disappeared Without Trace
2-Sep-58,United States Air Force,Douglas C-124 Globemaster II,"Philippines Sea, All World",7,7,12,12,19,19,Military,Flight,Asia,1958,Technical Factors
29-Sep-58,MEA,Avro 685 York,"Mediterranean Sea, All World",5,5,0,0,5,5,Cargo,Flight,Unknown,1958,Technical Factors
9-Nov-58,Aero Topografica,Martin PBM Mariner,"Atlantic Ocean, All World",6,6,30,30,36,36,Scheduled Revenue Flight,Flight,Europe,1958,Technical Factors
9-Dec-58,Royal Air Force,Avro 696 Shackleton,"South China Sea, All World",10,10,1,1,11,11,Survey / Patrol / Reconnaissance,Flight,Asia,1958,Human Errors
7-Jun-59,United States Air Force,Douglas C-47 Skytrain (DC-3),"Mediterranean Sea, All World",7,1,0,0,7,1,Military,Flight,Africa,1959,Technical Factors
8-Dec-59,SCM,Curtiss C-46 Commando,"Caribbean Sea, All World",3,3,42,42,45,45,Charter / Taxi,Flight,South America,1959,Disappeared Without Trace
30-Mar-60,United States Air Force,Boeing KC-97 Stratotanker,"Atlantic Ocean, All World",14,2,0,0,14,2,Military,Flight,North America,1960,Poor Weather
25-May-60,spaniak,Airspeed AS.65 Consul,"Atlantic Ocean, All World",1,0,3,0,4,0,Scheduled Revenue Flight,Flight,Europe,1960,Technical Factors
14-Jul-60,NORTHWEST AIRLINES,Douglas DC-7,"Philippines Sea, All World",7,0,51,1,58,1,Scheduled Revenue Flight,Flight,Asia,1960,Technical Factors
22-Sep-60,United States NAVY,Douglas C-54 Skymaster,"Pacific Ocean, All World",6,6,23,23,29,29,Military,Flight,Asia,1960,Technical Factors
31-Dec-60,Private Prive,De Havilland DH.89 Dragon Rapide,"Atlantic Ocean, All World",0,0,0,0,0,0,Private,Flight,Unknown,1960,Unknown Reasons
10-Jun-61,United States Air Force,Douglas C-133 Cargomaster,"Pacific Ocean, All World",8,8,0,0,8,8,Military,Flight,Asia,1961,Technical Factors
15-Oct-61,United States Air Force,Boeing B-52 Stratofortress,"Atlantic Ocean, All World",8,8,0,0,8,8,Military,Flight,North America,1961,Unknown Reasons
9-Nov-61,United States NAVY,Lockheed P-2 Neptune,"Atlantic Ocean, All World",11,11,0,0,11,11,Survey / Patrol / Reconnaissance,Flight,North America,1961,Technical Factors
11-Nov-61,Air Haïti International,Lockheed L-749 Constellation,"Caribbean Sea, All World",3,3,0,0,3,3,Cargo,Flight,North America,1961,Disappeared Without Trace
8-Jan-62,United States Air Force,Boeing B-50 Superfortress,"Atlantic Ocean, All World",9,9,0,0,9,9,Military,Flight,Unknown,1962,Disappeared Without Trace
8-Jan-62,"Taiwan, ROC Air Force",Lockheed P-2 Neptune,"Yellow Sea, All World",14,14,0,0,14,14,Survey / Patrol / Reconnaissance,Flight,Asia,1962,Unknown Reasons
16-Mar-62,FLYING TIGER LINE,Lockheed L-1049 Super Constellation,"Philippines Sea, All World",11,11,96,96,107,107,Charter / Taxi,Flight,Asia,1962,Technical Factors
27-May-62,United States Air Force,Douglas C-133 Cargomaster,"Atlantic Ocean, All World",10,10,0,0,10,10,Military,Flight,North America,1962,Disappeared Without Trace
23-Sep-62,FLYING TIGER LINE,Lockheed L-1049 Super Constellation,"Atlantic Ocean, All World",8,5,68,23,76,28,Charter / Taxi,Flight,Europe,1962,Technical Factors
26-Dec-62,United States NAVY,Martin P5M-2 Marlin,"Pacific Ocean, All World",13,13,0,0,13,13,Survey / Patrol / Reconnaissance,Flight,North America,1962,Unknown Reasons
30-Jan-63,United States NAVY,Lockheed P-3 Orion,"Atlantic Ocean, All World",4,4,10,10,14,14,Training,Flight,North America,1963,Human Errors
3-Jun-63,NORTHWEST AIRLINES,Douglas DC-7,"Pacific Ocean, All World",6,6,95,95,101,101,Charter / Taxi,Flight,North America,1963,Unknown Reasons
28-Aug-63,United States Air Force,Boeing KC-135 Stratotanker,"Atlantic Ocean, All World",6,6,0,0,6,6,Refuelling,Flight,North America,1963,Technical Factors
28-Aug-63,United States Air Force,Boeing KC-135 Stratotanker,"Atlantic Ocean, All World",5,5,0,0,5,5,Refuelling,Flight,North America,1963,Technical Factors
22-Sep-63,United States Air Force,DDouglas C-133 Cargomaster,"Atlantic Ocean, All World",10,10,0,0,10,10,Military,Flight,North America,1963,Technical Factors
9-Dec-63,Hank Wharton,Curtiss C-46 Commando,"Atlantic Ocean, All World",3,3,0,0,3,3,Ferry,Flight,Europe,1963,Unknown Reasons
2-Jan-64,United States Air Force,Douglas C-124 Globemaster II,"Pacific Ocean, All World",8,8,1,1,9,9,Military,Flight,North America,1964,Unknown Reasons
28-Mar-64,Facilities Management Corporation ,Douglas C-54 Skymaster,"Pacific Ocean, All World",3,3,6,6,9,9,Executive / Corporate,Flight,North America,1964,Technical Factors
3-Sep-64,TNI AU INDONESIAN Air Force,Lockheed C-130 Hercules,"Malacca Strait, All World",5,5,0,0,5,5,Military,Flight,Asia,1964,Unknown Reasons
8-Sep-64,United States NAVY,Lockheed P-2 Neptune,"South China Sea, All World",13,5,0,0,13,5,Survey / Patrol / Reconnaissance,Flight,Asia,1964,Unknown Reasons
26-Feb-65,United States Air Force,Boeing KC-135 Stratotanker ,"Atlantic Ocean, All World",4,4,0,0,4,4,Refuelling,Flight,North America,1965,Crashing The Other Objects
23-Mar-65,ROYAL CANADIAN Air Force,Canadair CL-28 Argus,"Atlantic Ocean, All World",14,14,2,2,16,16,Training,Flight,North America,1965,Technical Factors
18-Jun-65,United States Air Force,Boeing B-52 Stratofortress,"South China Sea, All World",6,5,0,0,6,5,Military,Flight,Asia,1965,Crashing The Other Objects
18-Jun-65,United States Air Force,Boeing B-52 Stratofortress,"South China Sea, All World",6,3,0,0,6,3,Military,Flight,Asia,1965,Crashing The Other Objects
18-Jun-65,United States Air Force,Grumman HU-16 (SA-16) Albatross,"South China Sea, All World",5,0,0,0,5,0,Survey / Patrol / Reconnaissance,Flight,Asia,1965,Unknown Reasons
3-Jul-65,United States Air Force,Grumman HU-16 (SA-16) Albatross,"South China Sea, All World",0,0,0,0,0,0,Survey / Patrol / Reconnaissance,Flight,Asia,1965,Unknown Reasons
11-Jul-65,United States Air Force,Lockheed C-121 Super Constellation,"Atlantic Ocean, All World",4,3,15,13,19,16,Survey / Patrol / Reconnaissance,Flight,North America,1965,Technical Factors
12-Sep-65,United States NAVY,Grumman C-1A Trader,"South China Sea, All World",10,1,0,0,10,1,Survey / Patrol / Reconnaissance,Takeoff,Asia,1965,Human Errors
9-Jan-66,"Taiwan, ROC Air Force",Grumman HU-16 (SA-16) Albatross,"East China Sea, All World",0,0,0,0,0,0,Survey / Patrol / Reconnaissance,Flight,Asia,1966,Conflict Factors
9-Apr-66,United States NAVY,Lockheed P-3 Orion,"Pacific Ocean, All World",4,4,7,7,11,11,Training,Flight,North America,1966,Technical Factors
25-Jul-66,Thai Government,Douglas DC-3,"Pacific Ocean, All World",3,3,0,0,3,3,Delivery,Flight,North America,1966,Technical Factors
18-Oct-66,United States Air Force,Grumman HU-16 (SA-16) Albatross,"South China Sea, All World",7,7,0,0,7,7,Survey / Patrol / Reconnaissance,Flight,Asia,1966,Poor Weather
10-Nov-66,United States NAVY,Grumman S-2 Tracker,"South China Sea, All World",4,4,0,0,4,4,Survey / Patrol / Reconnaissance,Flight,Asia,1966,Disappeared Without Trace
11-Nov-66,United States Air Force,Lockheed C-121 Super Constellation,"Atlantic Ocean, All World",4,4,15,15,19,19,Survey / Patrol / Reconnaissance,Flight,North America,1966,Technical Factors
5-Mar-67,United States Coast Guard,Grumman HU-16 (SA-16) Albatross,"Gulf of Mexico, All World",6,6,0,0,6,6,Survey / Patrol / Reconnaissance,Flight,North America,1967,Human Errors
5-Mar-67,Skyway Air Cargo,Beechcraft C-45 Expeditor,"Pacific Ocean, All World",1,0,1,0,2,0,Ferry,Flight,Unknown,1967,Technical Factors
13-Mar-67,AEROFLOT,Antonov AN-2,"Black Sea, All World",1,1,0,0,1,1,Private,Flight,Europe,1967,Conflict Factors
12-Jun-67,Private Prive,Lockheed P-2 Harpoon,"Pacific Ocean, All World",1,1,0,0,1,1,Private,Flight,North America,1967,Disappeared Without Trace
8-Aug-67,United States NAVY,Grumman C-1A Trader,"South China Sea, All World",5,0,0,,5,0,Survey / Patrol / Reconnaissance,Takeoff,Asia,1967,Technical Factors
21-Aug-67,CHINA AIRLINES,Douglas DC-3,"South China Sea, All World",2,0,7,6,9,6,Cargo,Flight,Asia,1967,Unknown Reasons
4-Nov-67,Royal Air Force,Avro 696 Shackleton,"Indian Ocean, All World",11,8,0,0,11,8,Military,Flight,Asia,1967,Technical Factors
19-Nov-67,Royal Air Force,Avro 696 Shackleton,"Celtic Sea, All World",11,9,0,0,11,9,Training,Flight,Europe,1967,Human Errors
20-Nov-67,United States NAVY,Grumman S-2 Tracker,"South China Sea, All World",2,2,0,0,2,2,Training,Flight,Asia,1967,Unknown Reasons
16-Jan-68,United States NAVY,Grumman C-1A Trader,"South China Sea, All World",3,3,7,0,10,3,Survey / Patrol / Reconnaissance,Takeoff,Asia,1968,Technical Factors
5-Apr-68,United States NAVY,Lockheed P-3 Orion,"Pacific Ocean, All World",12,8,0,0,12,8,Survey / Patrol / Reconnaissance,Takeoff,Asia,1968,Human Errors
25-May-68,CCCP,Tupolev TU-16,"North Sea, All World",6,6,0,0,6,6,Survey / Patrol / Reconnaissance,Flight,Europe,1968,Technical Factors
18-Aug-68,UNITED ARAB AIRLINES,Antonov AN-24,"Mediterranean Sea, All World",7,7,33,33,40,40,Scheduled Revenue Flight,Flight,Europe,1968,Unknown Reasons
16-Feb-69,ROYAL CANADIAN Air Force,Grumman S-2 Tracker,"Atlantic Ocean, All World",3,3,0,0,3,3,Survey / Patrol / Reconnaissance,Takeoff,North America,1969,Technical Factors
23-Feb-69,Trans Isle Air,De Havilland DH.104 Dove,"Pacific Ocean, All World",1,0,0,0,1,0,Ferry,Flight,North America,1969,Technical Factors
1-Mar-69,United States NAVY,Lockheed P-2 Neptune,"Pacific Ocean, All World",0,0,0,0,0,0,Survey / Patrol / Reconnaissance,Flight,Australia & Oceania,1969,Human Errors
8-Mar-69,Continental Air Transport,Douglas DC-4,"Atlantic Ocean, All World",3,3,0,0,3,3,Cargo,Flight,Unknown,1969,Technical Factors
8-Mar-69,ZAMRUD,Douglas C-47 Skytrain (DC-3),"Pacific Ocean, All World",3,0,0,0,3,0,Delivery,Flight,North America,1969,Technical Factors
16-Mar-69,ROYAL CANADIAN Air Force,Grumman S-2 Tracker,"Sargasso Sea, All World",4,0,0,0,4,0,Survey / Patrol / Reconnaissance,Landing,North America,1969,Technical Factors
15-Apr-69,United States NAVY,Lockheed C-121 Super Constellation,"Japan Sea, All World",6,6,25,25,31,31,Survey / Patrol / Reconnaissance,Flight,Asia,1969,Conflict Factors
23-May-69,United States Air Force,Lockheed C-130 Hercules,"The Channel, All World",1,1,0,0,1,1,Military,Flight,Europe,1969,Technical Factors
5-Jun-69,United States Air Force,Boeing KC-135 Stratotanker,"Bering Sea, All World",5,5,14,14,19,19,Military,Flight,North America,1969,Disappeared Without Trace
11-Oct-69,SAN JUAN,Britten-Norman Islander,"Sargasso Sea, All World",1,1,1,1,2,2,Ferry,Flight,North America,1969,Unknown Reasons
15-Dec-69,Albany Industrial Corporation,Curtiss C-46 Commando,"Gulf of Mexico, All World",0,0,0,0,0,0,Private,Flight,North America,1969,Unknown Reasons
10-Apr-70,AEROCOSTA Colombia,Curtiss C-46 Commando,"Caribbean Sea, All World",4,4,0,0,4,4,Cargo,Flight,Unknown,1970,Unknown Reasons
6-Jun-70,United States Air Force,Fairchild C-119 Flying Boxcar,"South China Sea, All World",10,1,0,0,10,1,Military,Flight,Asia,1970,Technical Factors
18-Jul-70,CCCP Aircraft,Antonov AN-22,"Atlantic Ocean, All World",8,8,15,15,23,23,Humanitarian,Flight,Unknown,1970,Unknown Reasons
5-Dec-70,Aircraft Facilities,Cessna 207 Skywagon/Stationair,"Pacific Ocean, All World",1,1,0,0,1,1,Delivery,Flight,North America,1970,Technical Factors
31-Dec-70,ROUSSEAU AVIATION,Nord 262,"Mediterranean Sea, All World",3,3,28,28,31,31,Charter / Taxi,Flight,Africa,1970,Unknown Reasons
15-Jan-71,Russian Aircraft,Tupolev TU-95,"Barents Sea, All World",12,12,0,0,12,12,Survey / Patrol / Reconnaissance,Flight,Europe,1971,Technical Factors
11-Jun-71,United States NAVY,Grumman E-2C Hawkeye,"South China Sea, All World",5,5,0,0,5,5,Military,Flight,Asia,1971,Unknown Reasons
13-Jun-71,United States Air Force,Boeing C-135 Stratolifter,"Pacific Ocean, All World",4,4,20,20,24,24,Survey / Patrol / Reconnaissance,Flight,North America,1971,Unknown Reasons
7-Oct-71,International Sky Cab Airlines,Britten-Norman Islander,"Atlantic Ocean, All World",1,0,0,0,1,0,Ferry,Flight,North America,1971,Technical Factors
12-Dec-71,United States NAVY,Grumman C-2A Greyhound,"South China Sea, All World",4,4,0,0,4,4,Survey / Patrol / Reconnaissance,Flight,Asia,1971,Unknown Reasons
29-Jan-72,United States NAVY,Grumman C-2A Greyhound,"Mediterranean Sea, All World",10,2,0,0,10,2,Military,Flight,Europe,1972,Technical Factors
29-Mar-72,Air Pacific,De Havilland DH.114 Heron,"Pacific Ocean, All World",2,0,0,0,2,0,Ferry,Flight,North America,1972,Human Errors
26-May-72,United States NAVY,Lockheed P-3 Orion,"Pacific Ocean, All World",4,4,4,4,8,8,Survey / Patrol / Reconnaissance,Flight,North America,1972,Disappeared Without Trace
21-Jun-72,Private Prive,Rockwell Aero Commander 690,"Atlantic Ocean, All World",1,1,2,2,3,3,Private,Flight,Unknown,1972,Unknown Reasons
8-Aug-72,United States NAVY,Grumman E-2C Hawkeye,"Pacific Ocean, All World",0,0,0,0,0,0,Military,Flight,Unknown,1972,Disappeared Without Trace
6-Oct-72,Línea Aérea Taxpa,Rockwell Aero Commander 680,"Pacific Ocean, All World",1,1,7,7,8,8,Charter / Taxi,Flight,South America,1972,Technical Factors
17-Nov-72,S & H Aviation,Douglas C-47 Skytrain (DC-3),"Atlantic Ocean, All World",2,2,1,1,3,3,Charter / Taxi,Flight,North America,1972,Technical Factors
22-Nov-72,Long Island Airlines,Rockwell Grand Commander 680,"Pacific Ocean, All World",1,1,1,1,2,2,Ferry,Flight,North America,1972,Unknown Reasons
21-Sep-73,United States Coast Guard,Grumman HU-16 (SA-16) Albatross,"Gulf of Mexico, All World",6,6,0,0,6,6,Survey / Patrol / Reconnaissance,Flight,North America,1973,Human Errors
8-Sep-74,TWA,Boeing 707,"Ionian Sea, All World",9,9,79,79,88,88,Scheduled Revenue Flight,Flight,Europe,1974,Technical Factors
30-Sep-74,United States Department of the interior,Grumman G-73 Mallard,"Pacific Ocean, All World",1,1,3,3,4,4,Survey / Patrol / Reconnaissance,Flight,North America,1974,Unknown Reasons
13-Oct-74,United States Air Force,Lockheed C-130 Hercules,"South China Sea, All World",5,5,5,5,10,10,Military,Flight,Asia,1974,Poor Weather
23-Mar-75,GEYSERLAND AIRWAYS,Rockwell Grand Commander 680,"Pacific Ocean, All World",2,0,0,0,2,0,Positioning,Flight,North America,1975,Technical Factors
8-Aug-75,Bush Aviation,Beechcraft D18,"Atlantic Ocean, All World",1,1,2,2,3,3,Executive / Corporate,Flight,North America,1975,Technical Factors
22-Sep-75,AIA AMERICA,Volpar Turboliner 18,"Pacific Ocean, All World",1,1,0,0,1,1,Ferry,Flight,North America,1975,Disappeared Without Trace
11-Feb-76,Flight Service,Beechcraft H18,"Pacific Ocean, All World",1,1,0,0,1,1,Ferry,Flight,Unknown,1976,Technical Factors
18-Nov-76,United Resources,Rockwell Shrike Commander 500S,"Atlantic Ocean, All World",2,1,0,0,2,1,Survey / Patrol / Reconnaissance,Flight,Africa,1976,Technical Factors
30-Jun-77,Cooperativa de Montecillos,Lockheed L-188 Electra,"Caribbean Sea, All World",3,3,1,1,4,4,Cargo,Flight,North America,1977,Unknown Reasons
28-Feb-78,Private Prive,Mitsubishi MU-2 Marquise,"Gulf of Mexico, All World",2,2,3,3,5,5,Private,Flight,North America,1978,Disappeared Without Trace
25-Mar-78,Eulalio Castro,Rockwell Grand Commander 680,"Atlantic Ocean, All World",2,2,0,0,2,2,Private,Flight,North America,1978,Human Errors
27-Apr-78,Private Prive,Piper PA-61 Aerostar (Ted Smith 601),"Gulf of Mexico, All World",1,1,0,0,1,1,Private,Flight,North America,1978,Technical Factors
18-Jul-78,Latimer W. Spinney,Piper PA-31-310 Navajo,"Caribbean Sea, All World",1,1,1,1,2,2,Private,Flight,North America,1978,Unknown Reasons
21-Sep-78,ARGOSY AIR LINES,Douglas DC-3,"Atlantic Ocean, All World",4,4,0,0,4,4,Positioning,Flight,North America,1978,Disappeared Without Trace
1-Oct-78,Evergreen Air of Montana,Douglas DC-3,"Gulf of Mexico, All World",2,1,2,0,4,1,Private,Flight,North America,1978,Technical Factors
26-Oct-78,United States NAVY,Lockheed P-3 Orion,"Pacific Ocean, All World",4,0,11,5,15,5,Survey / Patrol / Reconnaissance,Flight,North America,1978,Technical Factors
18-Dec-78,Private Prive,Cessna 421A Golden Eagle I,"Tyrrhenian Sea, All World",1,0,0,0,1,0,Private,Flight,Europe,1978,Human Errors
30-Jan-79,VARIG,Boeing 707,"Pacific Ocean, All World",6,6,0,0,6,6,Cargo,Flight,Unknown,1979,Technical Factors
17-Mar-79,Air Inuit,De Havilland DHC-4 Caribou,"Caribbean Sea, All World",3,3,0,0,3,3,Delivery,Flight,North America,1979,Technical Factors
4-Oct-79,Iron Bird,Rockwell Aero Commander 500,"Atlantic Ocean, All World",1,1,0,0,1,1,Ferry,Flight,North America,1979,Poor Weather
4-Nov-79,Polynesian Air-Ways,Beechcraft C-45 Expeditor,"Pacific Ocean, All World",1,1,0,0,1,1,Delivery,Flight,North America,1979,Technical Factors
11-Jan-80,Nichols Construction,Cessna 441 Conquest,"Atlantic Ocean, All World",1,1,1,1,2,2,Private,Flight,North America,1980,Technical Factors
19-May-80,Northeast Jet,Learjet 25,"Gulf of Mexico, All World",2,2,0,0,2,2,Positioning,Flight,North America,1980,Technical Factors
2-Jul-80,ROYAL THAI NAVY,Douglas C-47 Skytrain (DC-3),"Gulf of Thailand, All World",2,0,19,2,21,2,Training,Flight,Asia,1980,Unknown Reasons
3-Oct-80,Kurfiss Aviation,Douglas C-47 Skytrain (DC-3),"Mediterranean Sea, All World",2,2,0,0,2,2,Ferry,Flight,Europe,1980,Disappeared Without Trace
15-Dec-80,TsKB po SPK,Alekseev KM,"Caspian Sea, All World",0,0,0,0,0,0,Test,Takeoff,Asia,1980,Human Errors
15-Jan-81,Marineluchtvaartdienst,Breguet Bre.1150 Atlantic,"Atlantic Ocean, All World",4,0,8,3,12,3,Survey / Patrol / Reconnaissance,Flight,Europe,1981,Poor Weather
19-Jan-81,KENTING,Cessna 402,"Atlantic Ocean, All World",2,2,0,0,2,2,Ferry,Flight,Unknown,1981,Unknown Reasons
23-Jan-81,Private Prive,Rockwell Aero Commander 560 ,"Gulf of Mexico, All World",1,0,1,0,2,0,Test,Flight,North America,1981,Human Errors
21-Apr-81,Hemet Exploration,Douglas C-53 Skytrooper (DC-3),"Mediterranean Sea, All World",2,2,2,2,4,4,Ferry,Flight,Europe,1981,Unknown Reasons
9-May-82,Panarctic Oils ltd,De Havilland DHC-6 Twin Otter,"Arctic, All World",2,0,7,0,9,0,Charter / Taxi,Landing,Antartica,1982,Poor Weather
12-Aug-82,REPUBLIC OF KOREA NAVY,Grumman S-2 Tracker,"Japan Sea, All World",4,4,0,0,4,4,Training,Flight,Asia,1982,Unknown Reasons
16-Oct-82,FUERZA AEREA COLOMBIANA,Lockheed C-130 Hercules,"Atlantic Ocean, All World",4,2,9,3,13,5,Military,Flight,North America,1982,Technical Factors
20-Oct-82,Carib Air Service,Piper PA-31-310 Navajo,"Caribbean Sea, All World",1,1,7,7,8,8,Charter / Taxi,Flight,North America,1982,Poor Weather
9-Dec-82,Brent's International,Piper PA-31-350 Navajo Chieftain ,"Pacific Ocean, All World",2,2,0,0,2,2,Ferry,Flight,North America,1982,Technical Factors
9-Mar-83,AERO COACH,Cessna 402,"Atlantic Ocean, All World",1,0,2,0,3,0,Scheduled Revenue Flight,Flight,North America,1983,Technical Factors
18-May-83,AIR TRAFFIC,Learjet 25,"Atlantic Ocean, All World",2,2,1,1,3,3,Training,Flight,Europe,1983,Technical Factors
24-Nov-83,United States NAVY,Grumman C-1A Trader,"Mediterranean Sea, All World",3,3,0,0,3,3,Military,Flight,Europe,1983,Crashing The Other Objects
24-Nov-83,United States NAVY,Grumman C-1A Trader,"Mediterranean Sea, All World",4,4,0,0,4,4,Military,Flight,Europe,1983,Crashing The Other Objects
27-Feb-84,JMSDF,Shin Meiwa PS-1,"Japan Sea, All World",12,12,0,0,12,12,Military,Flight,Asia,1984,Unknown Reasons
23-Oct-84,NEWCAL AVIATION,De Havilland DHC-4 Caribou ,"Atlantic Ocean, All World",2,1,0,0,2,1,Ferry,Flight,North America,1984,Technical Factors
5-Dec-84,Private Prive,Rockwell Grand Commander 690,"Atlantic Ocean, All World",2,2,0,0,2,2,Delivery,Flight,Africa,1984,Unknown Reasons
23-Jun-85,AIR INDIA,Boeing 747-200,"Atlantic Ocean, All World",22,22,307,307,329,329,Scheduled Revenue Flight,Flight,Europe,1985,Crashing The Other Objects
25-Mar-86,INDIAN Air Force,Antonov AN-32,"Oman Sea, All World",3,3,4,4,7,7,Delivery,Flight,Asia,1986,Disappeared Without Trace
10-Apr-86,AEROFLOTRussian Airlines,PZL-Mielec AN-2,"Arctic, All World",5,0,4,0,9,0,Geographical / Geophysical / Scientific,Landing,Antartica,1986,Human Errors
17-Dec-86,Latin Air Services,Casa 212 Aviocar,"Caribbean Sea, All World",3,0,0,0,3,0,Cargo,Flight,North America,1986,Human Errors
23-Dec-86,West Coast Air Cargo,Douglas C-54 Skymaster,"Pacific Ocean, All World",2,0,0,0,2,0,Training,Flight,North America,1986,Technical Factors
28-Nov-87,SOUTH AFRICAN AIRWAYS,Boeing 747-200,"Indian Ocean, All World",19,19,140,140,159,159,Scheduled Revenue Flight,Flight,Africa,1987,Technical Factors
29-Nov-87,KOREAN AIR,Boeing 707,"Andaman Sea, All World",11,11,104,104,115,115,Scheduled Revenue Flight,Flight,Asia,1987,Conflict Factors
7-Feb-88,Crown Aviation Services,Beechcraft 88 Queen Air,"Caribbean Sea, All World",1,1,1,1,2,2,Charter / Taxi,Flight,South America,1988,Disappeared Without Trace
25-Feb-88,Arab Airways,Xian H-6,"Persian Gulf, All World",6,6,0,0,6,6,Bombing,Flight,Asia,1988,Conflict Factors
12-Jul-88,United States NAVY,Rockwell T-39 Sabreliner,"Spratly Islands, All World",4,0,0,0,4,0,Military,Flight,Asia,1988,Technical Factors
9-Dec-88,Sunny Moon Association,Mitsubishi MU-2 Marquise,"Pacific Ocean, All World",1,1,0,0,1,1,Delivery,Flight,Asia,1988,Poor Weather
14-Feb-89,Southern Cross Aviation,Piper PA-31-350 Navajo Chieftain,"Pacific Ocean, All World",1,0,0,0,1,0,Ferry,Flight,Australia & Oceania,1989,Technical Factors
11-Sep-90,JauceU,Boeing 727-200,"Atlantic Ocean, All World",6,6,10,10,16,16,Delivery,Flight,North America,1990,Technical Factors
11-Oct-90,Alaska Helicopters,Rockwell Gulfstream 690C Jetprop 840,"Arctic, All World",1,1,2,2,3,3,Survey / Patrol / Reconnaissance,Flight,Antartica,1990,Unknown Reasons
21-Mar-91,United States NAVY,Lockheed P-3 Orion,"Pacific Ocean, All World",13,13,0,0,13,13,Survey / Patrol / Reconnaissance,Flight,North America,1991,Crashing The Other Objects
21-Mar-91,United States NAVY,Lockheed P-3 Orion,"Pacific Ocean, All World",14,14,0,0,14,14,Survey / Patrol / Reconnaissance,Flight,North America,1991,Crashing The Other Objects
16-Jun-91,Evan Boddy & Elliott Hutchinson,Rockwell Aero Commander 685,"Atlantic Ocean, All World",2,2,0,0,2,2,Private,Flight,Unknown,1991,Disappeared Without Trace
18-Jun-91,Pacific Flying Fish,Grumman G-64 Albatross,"Pacific Ocean, All World",2,0,1,0,3,0,Ferry,Flight,North America,1991,Technical Factors
4-Aug-91,Palm Beach Aviation,Rockwell Aero Commander 500,"Atlantic Ocean, All World",1,0,3,0,4,0,Charter / Taxi,Flight,North America,1991,Technical Factors
1-May-92,Private Prive,Cessna 303 Crusader,"The Channel, All World",1,0,1,0,2,0,Private,Flight,Europe,1992,Technical Factors
31-Jul-92,United States NAVY,Grumman E-2C Hawkeye,"Atlantic Ocean, All World",5,5,0,0,5,5,Training,Flight,North America,1992,Unknown Reasons
28-Aug-92,BM POCCNN,Alekseev A-90 Orlyonok ,"Caspian Sea, All World",0,0,0,0,0,0,Test,Takeoff,Asia,1992,Unknown Reasons
18-Sep-92,AEROEJECUTIVOS,Douglas C-118 Liftmaster,"Caribbean Sea, All World",3,3,0,0,3,3,Cargo,Flight,South America,1992,Poor Weather
25-Mar-93,United States NAVY,Grumman E-2C Hawkeye,"Ionian Sea, All World",5,5,0,0,5,5,Survey / Patrol / Reconnaissance,Flight,Europe,1993,Unknown Reasons
15-Jan-94,The Catalina Company,Consolidated PBY-5A Catalina,"Pacific Ocean, All World",1,0,7,0,8,0,Private,Flight,Asia,1994,Unknown Reasons
7-May-94,Martin L.Adren,Piper PA-46 Malibu Meridian (Malibu Mirage),"Gulf of Mexico, All World",1,0,3,0,4,0,Private,Flight,North America,1994,Technical Factors
2-Oct-94,Seaview Air,Rockwell Grand Commander 690,"Pacific Ocean, All World",1,1,8,8,9,9,Scheduled Revenue Flight,Flight,Australia & Oceania,1994,Unknown Reasons
2-Dec-94,Southern Cross Aviation,Britten-Norman Islander,"Pacific Ocean, All World",1,0,0,0,1,0,Ferry,Flight,Australia & Oceania,1994,Unknown Reasons
16-Mar-95,Great Barrier Airlines Ltd,De Havilland DHC-6 Twin Otter,"Pacific Ocean, All World",3,0,0,0,3,0,Delivery,Flight,North America,1995,Unknown Reasons
18-Apr-95,Pacific Island Aviation - PIA,Cessna 402,"Pacific Ocean, All World",1,1,0,0,1,1,Positioning,Flight,Australia & Oceania,1995,Unknown Reasons
16-Aug-95,Caribbean Food & Produce,Beechcraft 65 Queen Air,"Caribbean Sea, All World",1,0,0,0,1,0,Private,Flight,North America,1995,Unknown Reasons
17-Feb-96,Roger Dunbar,Piper PA-61 Aerostar (Ted Smith 601),"Atlantic Ocean, All World",1,1,0,0,1,1,Private,Flight,North America,1996,Unknown Reasons
25-Mar-96,United States NAVY,Beechcraft T-44A Pegasus,"Gulf of Mexico, All World",3,3,0,0,3,3,Training,Flight,North America,1996,Unknown Reasons
2-May-96,Domtrav Airways,Rockwell Aero Commander 500,"Caribbean Sea, All World",1,1,2,2,3,3,Charter / Taxi,Flight,North America,1996,Unknown Reasons
22-Nov-96,United States Air Force,Lockheed C-130 Hercules,"Pacific Ocean, All World",11,10,0,0,11,10,Military,Flight,North America,1996,Unknown Reasons
12-Apr-97,CORPORATE AIR,De Havilland DHC-6 Twin Otter,"Pacific Ocean, All World",1,0,0,0,1,0,Delivery,Flight,North America,1997,Unknown Reasons
24-Jul-97,M. R. Aircraft Sales & Rental,Beechcraft 65 Queen Air,"Atlantic Ocean, All World",2,0,3,0,5,0,Private,Flight,Unknown,1997,Unknown Reasons
13-Sep-97,Luftwaffe,Tupolev TU-154,"Atlantic Ocean, All World",10,10,14,14,24,24,Military,Flight,Africa,1997,Crashing The Other Objects
13-Sep-97,United States Air Force,Lockheed C-141 Starlifter,"Atlantic Ocean, All World",9,9,0,0,9,9,Military,Flight,Africa,1997,Crashing The Other Objects
9-Apr-98,Private Prive,Rockwell Grand Commander 680,"Atlantic Ocean, All World",1,1,0,0,1,1,Ferry,Flight,North America,1998,Unknown Reasons
31-Oct-99,EGYPTAIR,Boeing 767-300,"Atlantic Ocean, All World",15,15,202,202,217,217,Scheduled Revenue Flight,Flight,Unknown,1999,Human Errors
9-May-00,Servicio Aereo Ejecutivo,Cessna 401,"Pacific Ocean, All World",2,2,0,0,2,2,Positioning,Flight,South America,2000,Unknown Reasons
15-May-00,Greatland Resource,PZL-Mielec AN-2,"Arctic, All World",2,0,3,0,5,0,Private,Landing,Antartica,2000,Unknown Reasons
23-May-00,Calico Ventures,Beechcraft 200 Super King Air,"Pacific Ocean, All World",1,0,0,0,1,0,Private,Flight,North America,2000,Unknown Reasons
19-Sep-00,CUBANA,Antonov AN-2,"Gulf of Mexico, All World",1,0,9,1,10,1,Private,Flight,North America,2000,Technical Factors
4-Oct-01,Siberia airlines,Tupolev TU-154,"Black Sea, All World",12,12,66,66,78,78,Scheduled Revenue Flight,Flight,Europe,2001,Unknown Reasons
26-Dec-03,PACIFIC AEROSPACE LTD,PAC 750XL - Pacific Aerospace Corporation,"Pacific Ocean, All World",1,1,0,0,1,1,Delivery,Flight,North America,2003,Technical Factors
15-Aug-07,United States NAVY,Grumman E-2C Hawkeye,"Atlantic Ocean, All World",3,3,0,0,3,3,Training,Takeoff,North America,2007,Unknown Reasons
8-Jul-09,Q4 Aviation,Cessna 421C Golden Eagle III ,"Gulf of Mexico, All World",1,1,4,4,5,5,Charter / Taxi,Flight,North America,2009,Poor Weather
31-Mar-10,United States NAVY,Grumman E-2C Hawkeye,"Indian Ocean, All World",4,1,0,0,4,1,Survey / Patrol / Reconnaissance,Flight,Asia,2010,Technical Factors
19-Apr-12,Lee H Aviation,Cessna 421C Golden Eagle III,"Gulf of Mexico, All World",1,1,0,0,1,1,Private,Flight,North America,2012,Human Errors
8-Mar-14,E-Malaysia AIRLINES,Boeing 777-200,"Indian Ocean, All World",12,12,227,227,239,239,Scheduled Revenue Flight,Flight,Asia,2014,Disappeared Without Trace
16-May-15,KLAIPEDOS AVIALINILOS,PZL-Mielec AN-2,"Baltic Sea, All World",2,2,0,0,2,2,Delivery,Flight,Europe,2015,Unknown Reasons
5-Sep-15,SENEGAL AIR,BAe125,"Atlantic Ocean, All World",3,3,4,4,7,7,Ambulance,Flight,Africa,2015,Crashing The Other Objects
19-May-16,EGYPT AIR,Airbus A320,"Mediterranean Sea, All World",10,10,56,56,66,66,Scheduled Revenue Flight,Flight,Africa,2016,Unknown Reasons
22-Jul-16,INDIAN Air Force,Antonov AN-32,"Bay of Bengal, All World",6,6,23,23,29,29,Military,Flight,Asia,2016,Human Errors
7-Jun-17,MYANMAR Air Force,Shaanxi Y-8,"Andaman Sea, All World",14,14,108,108,122,122,Military,Flight,Asia,2017,Unknown Reasons
22-Nov-17,United States NAVY,Grumman C-2A Greyhound,"Philippines Sea, All World",2,0,9,3,11,3,Military,Landing,Asia,2017,Human Errors
25-Aug-18,Stargazer Aero,Grumman G-64 Albatross,"Atlantic Ocean, All World",5,0,0,0,5,0,Survey / Patrol / Reconnaissance,Takeoff,North America,2018,Crashing The Other Objects
27-Sep-18,CGG,Cessna 208B Grand Caravan,"Pacific Ocean, All World",1,1,0,0,1,1,Ferry,Flight,Asia,2018,Unknown Reasons
25-Oct-18,Bulldog Flying Club,Piper PA-31 Cheyenne,"Atlantic Ocean, All World",2,2,3,3,5,5,Private,Flight,North America,2018,Unknown Reasons
6-Dec-18,USMC,Lockheed C-130 Hercules,"Pacific Ocean, All World",5,5,0,0,5,5,Refuelling,Flight,Asia,2018,Crashing The Other Objects
24-May-19,Hypo Consulting,Cessna 560 Citation Encore,"Atlantic Ocean, All World",1,1,0,0,1,1,Private,Flight,North America,2019,Unknown Reasons
9-Dec-19,FUERZA AEREA DE CHILE,Lockheed C-130 Hercules,"Drake Passage, All World",17,17,21,21,38,38,Military,Flight,Antartica,2019,Unknown Reasons
6-Nov-20,Private Prive,Pilatus PC-12,"Pacific Ocean, All World",2,0,0,0,2,0,Delivery,Flight,North America,2020,Technical Factors
